line_no,word,pos,cefr,n_senses,group_size,group_classification,action
8,uncertain,adjective,UNCLASSIFIED,2,2,MIXED,keep
2473,uncertain,adjective,UNCLASSIFIED,3,2,MIXED,delete
14,regulation,noun,B2,1,2,PAGINATION,keep
2474,regulation,noun,B2,1,2,PAGINATION,delete
16,resources,noun,UNCLASSIFIED,1,2,PAGINATION,keep
2482,resources,noun,UNCLASSIFIED,1,2,PAGINATION,delete
26,disconnected,verb,UNCLASSIFIED,2,2,PAGINATION,keep
2483,disconnected,verb,UNCLASSIFIED,3,2,PAGINATION,delete
36,foundation,noun,B2,3,3,PAGINATION,keep
2476,foundation,noun,B2,1,3,PAGINATION,delete
2477,foundation,noun,B2,1,3,PAGINATION,delete
39,persist,verb,C1,2,2,PAGINATION,keep
1119,persist,verb,C1,1,2,PAGINATION,delete
41,suffering,noun,B2,1,2,PAGINATION,keep
2479,suffering,noun,B2,1,2,PAGINATION,delete
43,vital,adjective,B2,2,2,PAGINATION,keep
2480,vital,adjective,B2,1,2,PAGINATION,delete
45,domesticated,verb,UNCLASSIFIED,2,2,PAGINATION,keep
2487,domesticated,verb,UNCLASSIFIED,1,2,PAGINATION,delete
54,concentrations,noun,UNCLASSIFIED,1,2,PAGINATION,keep
2492,concentrations,noun,UNCLASSIFIED,3,2,PAGINATION,delete
55,regulations,noun,UNCLASSIFIED,1,2,PAGINATION,keep
2490,regulations,noun,UNCLASSIFIED,1,2,PAGINATION,delete
81,sustainable,adjective,B2,1,2,PAGINATION,keep
2489,sustainable,adjective,B2,1,2,PAGINATION,delete
88,invading,verb,UNCLASSIFIED,1,2,PAGINATION,keep
2495,invading,verb,UNCLASSIFIED,2,2,PAGINATION,delete
103,eliminated,verb,UNCLASSIFIED,1,3,PAGINATION,keep
2498,eliminated,verb,UNCLASSIFIED,2,3,PAGINATION,delete
2499,eliminated,verb,UNCLASSIFIED,1,3,PAGINATION,delete
111,hostile,adjective,C1,3,2,PAGINATION,keep
2494,hostile,adjective,C1,2,2,PAGINATION,delete
112,monitors,verb,UNCLASSIFIED,1,2,PAGINATION,keep
2505,monitors,verb,UNCLASSIFIED,2,2,PAGINATION,delete
115,sustain,verb,C1,3,2,PAGINATION,keep
2497,sustain,verb,C1,2,2,PAGINATION,delete
124,eliminate,verb,B2,2,2,PAGINATION,keep
2502,eliminate,verb,B2,2,2,PAGINATION,delete
139,distinguish,verb,B2,2,2,PAGINATION,keep
2504,distinguish,verb,B2,2,2,PAGINATION,delete
157,sophisticated,adjective,B2,1,2,PAGINATION,keep
2508,sophisticated,adjective,B2,2,2,PAGINATION,delete
160,hypothesis,noun,B2,1,2,PAGINATION,keep
2507,hypothesis,noun,B2,1,2,PAGINATION,delete
178,discipline,noun,B2,3,2,PAGINATION,keep
2510,discipline,noun,B2,1,2,PAGINATION,delete
189,phenomenon,noun,B2,1,2,PAGINATION,keep
2514,phenomenon,noun,B2,1,2,PAGINATION,delete
207,contract,noun,B2,1,4,PAGINATION,keep
1640,contract,verb,B2,1,4,PAGINATION,delete
2519,contract,noun,B2,1,4,PAGINATION,delete
2798,contract,verb,B2,3,4,PAGINATION,delete
208,tension,noun,B2,3,2,PAGINATION,keep
2518,tension,noun,B2,1,2,PAGINATION,delete
214,stimulate,verb,B2,2,2,PAGINATION,keep
2521,stimulate,verb,B2,1,2,PAGINATION,delete
215,resistance,noun,C1,3,2,PAGINATION,keep
2520,resistance,noun,C1,3,2,PAGINATION,delete
219,mechanism,noun,B2,1,2,PAGINATION,keep
2522,mechanism,noun,B2,2,2,PAGINATION,delete
255,assumption,noun,B2,1,2,PAGINATION,keep
2527,assumption,noun,B2,1,2,PAGINATION,delete
259,proportions,noun,UNCLASSIFIED,2,3,PAGINATION,keep
2532,proportions,noun,UNCLASSIFIED,2,3,PAGINATION,delete
2533,proportions,noun,UNCLASSIFIED,3,3,PAGINATION,delete
263,dominant,adjective,B2,1,2,PAGINATION,keep
2528,dominant,adjective,B2,1,2,PAGINATION,delete
268,exhibit,"noun, verb",B2,3,2,PAGINATION,keep
2530,exhibit,"noun, verb",B2,1,2,PAGINATION,delete
278,bias,noun,B2,3,2,PAGINATION,keep
2531,bias,noun,B2,1,2,PAGINATION,delete
289,stacked,verb,UNCLASSIFIED,3,2,PAGINATION,keep
2541,stacked,verb,UNCLASSIFIED,1,2,PAGINATION,delete
298,yield,verb,C1,3,2,PAGINATION,keep
3026,yield,noun,C1,1,2,PAGINATION,delete
323,consistent,adjective,B2,2,2,PAGINATION,keep
2537,consistent,adjective,B2,2,2,PAGINATION,delete
324,inherited,adjective,UNCLASSIFIED,2,2,PAGINATION,keep
2559,inherited,adjective,UNCLASSIFIED,1,2,PAGINATION,delete
328,byproducts,noun,UNCLASSIFIED,1,2,PAGINATION,keep
2553,byproducts,noun,UNCLASSIFIED,1,2,PAGINATION,delete
331,pathways,noun,UNCLASSIFIED,2,2,PAGINATION,keep
2544,pathways,noun,UNCLASSIFIED,1,2,PAGINATION,delete
341,perception,noun,B2,1,2,PAGINATION,keep
2542,perception,noun,B2,2,2,PAGINATION,delete
346,reinforce,verb,B2,2,2,PAGINATION,keep
2543,reinforce,verb,B2,1,2,PAGINATION,delete
353,standards,noun,UNCLASSIFIED,1,4,PAGINATION,keep
2549,standards,noun,UNCLASSIFIED,1,4,PAGINATION,delete
2550,standards,noun,UNCLASSIFIED,1,4,PAGINATION,delete
2551,standards,noun,UNCLASSIFIED,2,4,PAGINATION,delete
354,anxiety,noun,B2,3,2,PAGINATION,keep
2548,anxiety,noun,B2,1,2,PAGINATION,delete
387,engage,verb,B2,3,2,PAGINATION,keep
2554,engage,verb,B2,1,2,PAGINATION,delete
400,bond,noun,B2,3,3,PAGINATION,keep
2555,bond,noun,B2,1,3,PAGINATION,delete
2556,bond,noun,B2,3,3,PAGINATION,delete
402,extends,verb,UNCLASSIFIED,3,2,PAGINATION,keep
2558,extends,verb,UNCLASSIFIED,3,2,PAGINATION,delete
404,sync,noun,UNCLASSIFIED,2,2,PAGINATION,keep
2557,sync,noun,UNCLASSIFIED,2,2,PAGINATION,delete
420,meandering,verb,UNCLASSIFIED,2,2,PAGINATION,keep
2562,meandering,verb,UNCLASSIFIED,1,2,PAGINATION,delete
439,advocate,noun,C1,2,2,PAGINATION,keep
2563,advocate,noun,C1,1,2,PAGINATION,delete
444,billions,noun,UNCLASSIFIED,1,2,PAGINATION,keep
2570,billions,noun,UNCLASSIFIED,1,2,PAGINATION,delete
452,diminishing,adjective,UNCLASSIFIED,2,2,PAGINATION,keep
2580,diminishing,adjective,UNCLASSIFIED,1,2,PAGINATION,delete
466,shifting,adjective,UNCLASSIFIED,1,4,PAGINATION,keep
2588,shifting,adjective,UNCLASSIFIED,1,4,PAGINATION,delete
2589,shifting,adjective,UNCLASSIFIED,1,4,PAGINATION,delete
2590,shifting,adjective,UNCLASSIFIED,2,4,PAGINATION,delete
474,extension,noun,B2,3,3,PAGINATION,keep
2568,extension,noun,B2,3,3,PAGINATION,delete
2569,extension,noun,B2,2,3,PAGINATION,delete
511,breach,"noun, verb",C1,3,2,PAGINATION,keep
2576,breach,"noun, verb",C1,1,2,PAGINATION,delete
512,grace,noun,C1,3,2,PAGINATION,keep
2575,grace,noun,C1,2,2,PAGINATION,delete
532,heel,noun,B2,3,2,PAGINATION,keep
2582,heel,noun,B2,1,2,PAGINATION,delete
534,imply,verb,B2,2,2,PAGINATION,keep
2581,imply,verb,B2,1,2,PAGINATION,delete
537,nerve,noun,B2,3,2,PAGINATION,keep
2583,nerve,noun,B2,1,2,PAGINATION,delete
545,pile,"noun, verb",B2,3,2,PAGINATION,keep
2584,pile,"noun, verb",B2,1,2,PAGINATION,delete
546,pitch,noun,B2,3,3,PAGINATION,keep
2585,pitch,noun,B2,1,3,PAGINATION,delete
2586,pitch,noun,B2,1,3,PAGINATION,delete
548,pupil,noun,B2,2,2,PAGINATION,keep
2587,pupil,noun,B2,1,2,PAGINATION,delete
557,assure,verb,B2,2,2,PAGINATION,keep
2592,assure,verb,B2,2,2,PAGINATION,delete
560,comprehensive,adjective,B2,2,2,PAGINATION,keep
2591,comprehensive,adjective,B2,1,2,PAGINATION,delete
566,embrace,verb,B2,2,2,PAGINATION,keep
2603,embrace,verb,B2,1,2,PAGINATION,delete
567,exceed,verb,B2,2,2,PAGINATION,keep
2594,exceed,verb,B2,1,2,PAGINATION,delete
568,erupt,verb,B2,3,2,PAGINATION,keep
2593,erupt,verb,B2,1,2,PAGINATION,delete
570,exploit,verb,B2,2,2,PAGINATION,keep
2597,exploit,verb,B2,2,2,PAGINATION,delete
574,goodness,noun,B2,3,2,PAGINATION,keep
2595,goodness,noun,B2,1,2,PAGINATION,delete
575,governor,noun,B2,2,2,PAGINATION,keep
2596,governor,noun,B2,2,2,PAGINATION,delete
577,index,noun,B2,3,3,PAGINATION,keep
2599,index,noun,B2,2,3,PAGINATION,delete
2600,index,noun,B2,1,3,PAGINATION,delete
578,infer,verb,B2,1,2,PAGINATION,keep
2602,infer,verb,B2,1,2,PAGINATION,delete
579,inspector,noun,B2,2,2,PAGINATION,keep
2601,inspector,noun,B2,1,2,PAGINATION,delete
580,integrate,verb,B2,1,2,PAGINATION,keep
2598,integrate,verb,B2,1,2,PAGINATION,delete
581,interpretation,noun,B2,1,2,PAGINATION,keep
2604,interpretation,noun,B2,1,2,PAGINATION,delete
584,jury,noun,B2,2,2,PAGINATION,keep
2605,jury,noun,B2,1,2,PAGINATION,delete
586,margin,noun,B2,3,2,PAGINATION,keep
2607,margin,noun,B2,2,2,PAGINATION,delete
588,miserable,adjective,B2,3,2,PAGINATION,keep
2606,miserable,adjective,B2,1,2,PAGINATION,delete
594,orchestra,noun,B2,1,2,PAGINATION,keep
2608,orchestra,noun,B2,1,2,PAGINATION,delete
595,perceive,verb,B2,1,2,PAGINATION,keep
2609,perceive,verb,B2,1,2,PAGINATION,delete
596,precede,verb,B2,2,2,PAGINATION,keep
2610,precede,verb,B2,1,2,PAGINATION,delete
598,proceed,verb,B2,2,2,PAGINATION,keep
2611,proceed,verb,B2,1,2,PAGINATION,delete
602,spare,verb,C1,3,2,PAGINATION,keep
2616,spare,verb,C1,3,2,PAGINATION,delete
604,stroke,noun,B2,3,3,PAGINATION,keep
2612,stroke,noun,B2,3,3,PAGINATION,delete
2613,stroke,noun,B2,1,3,PAGINATION,delete
606,suspend,verb,B2,2,2,PAGINATION,keep
2614,suspend,verb,B2,3,2,PAGINATION,delete
607,tap,"noun, verb",B2,3,2,PAGINATION,keep
2617,tap,"noun, verb",B2,1,2,PAGINATION,delete
611,unfold,verb,B2,1,2,PAGINATION,keep
2615,unfold,verb,B2,1,2,PAGINATION,delete
635,archive,noun,C1,1,2,PAGINATION,keep
2618,archive,noun,C1,1,2,PAGINATION,delete
638,array,noun,C1,1,2,PAGINATION,keep
2619,array,noun,C1,2,2,PAGINATION,delete
640,ash,noun,C1,3,2,PAGINATION,keep
2620,ash,noun,C1,2,2,PAGINATION,delete
658,backing,noun,C1,2,2,PAGINATION,keep
2623,backing,noun,C1,1,2,PAGINATION,delete
659,bail,noun,C1,2,2,PAGINATION,keep
2622,bail,noun,C1,1,2,PAGINATION,delete
661,banner,noun,C1,3,2,PAGINATION,keep
2621,banner,noun,C1,1,2,PAGINATION,delete
665,beam,noun,C1,3,2,PAGINATION,keep
2624,beam,noun,C1,1,2,PAGINATION,delete
676,boundary,noun,C1,2,2,PAGINATION,keep
2625,boundary,noun,C1,1,2,PAGINATION,delete
704,composition,noun,C1,3,2,PAGINATION,keep
2626,composition,noun,C1,2,2,PAGINATION,delete
725,bass,noun,C1,3,2,PAGINATION,keep
2631,bass,noun,C1,1,2,PAGINATION,delete
726,bat,verb,C1,1,2,PAGINATION,keep
2632,bat,verb,C1,3,2,PAGINATION,delete
727,bay,noun,C1,3,2,PAGINATION,keep
2627,bay,noun,C1,1,2,PAGINATION,delete
730,bench,noun,C1,3,2,PAGINATION,keep
2628,bench,noun,C1,1,2,PAGINATION,delete
731,bishop,noun,C1,1,2,PAGINATION,keep
2630,bishop,noun,C1,1,2,PAGINATION,delete
732,blade,noun,C1,3,2,PAGINATION,keep
2629,blade,noun,C1,1,2,PAGINATION,delete
736,boom,noun,C1,3,2,PAGINATION,keep
2634,boom,noun,C1,1,2,PAGINATION,delete
737,bounce,verb,C1,3,2,PAGINATION,keep
2633,bounce,verb,C1,2,2,PAGINATION,delete
738,bow,"noun, verb",C1,3,2,PAGINATION,keep
2638,bow,"noun, verb",C1,1,2,PAGINATION,delete
741,buck,noun,C1,3,2,PAGINATION,keep
2635,buck,noun,C1,1,2,PAGINATION,delete
743,buffer,noun,C1,3,2,PAGINATION,keep
2636,buffer,noun,C1,1,2,PAGINATION,delete
752,carve,verb,C1,3,2,PAGINATION,keep
2637,carve,verb,C1,1,2,PAGINATION,delete
756,caution,noun,C1,3,2,PAGINATION,keep
2639,caution,noun,C1,1,2,PAGINATION,delete
759,chamber,noun,C1,3,2,PAGINATION,keep
2641,chamber,noun,C1,1,2,PAGINATION,delete
761,charm,noun,C1,3,2,PAGINATION,keep
2642,charm,noun,C1,1,2,PAGINATION,delete
762,charter,noun,C1,3,2,PAGINATION,keep
2640,charter,noun,C1,1,2,PAGINATION,delete
776,faction,noun,C1,2,2,PAGINATION,keep
2644,faction,noun,C1,1,2,PAGINATION,delete
777,faculty,noun,C1,3,2,PAGINATION,keep
2643,faculty,noun,C1,1,2,PAGINATION,delete
788,filter,"noun, verb",C1,3,2,PAGINATION,keep
2645,filter,"noun, verb",C1,2,2,PAGINATION,delete
800,footage,noun,C1,1,2,PAGINATION,keep
2646,footage,noun,C1,1,2,PAGINATION,delete
808,franchise,noun,C1,2,2,PAGINATION,keep
2648,franchise,noun,C1,2,2,PAGINATION,delete
810,frustrated,adjective,C1,3,2,PAGINATION,keep
2647,frustrated,adjective,C1,1,2,PAGINATION,delete
811,frustration,noun,C1,2,2,PAGINATION,keep
2650,frustration,noun,C1,1,2,PAGINATION,delete
826,grasp,"noun, verb",C1,2,2,PAGINATION,keep
2655,grasp,"noun, verb",C1,1,2,PAGINATION,delete
827,grave,"adjective, noun",UNCLASSIFIED,1,2,PAGINATION,keep
828,grave,adjective,UNCLASSIFIED,1,2,PAGINATION,delete
831,grief,noun,C1,3,2,PAGINATION,keep
2651,grief,noun,C1,1,2,PAGINATION,delete
834,grip,"noun, verb",C1,3,2,PAGINATION,keep
2652,grip,"noun, verb",C1,1,2,PAGINATION,delete
835,gross,adjective,C1,3,2,PAGINATION,keep
2653,gross,adjective,C1,1,2,PAGINATION,delete
840,hail,verb,C1,2,2,PAGINATION,keep
2654,hail,verb,C1,2,2,PAGINATION,delete
842,halt,"noun, verb",C1,3,2,PAGINATION,keep
2657,halt,"noun, verb",C1,1,2,PAGINATION,delete
844,handling,noun,C1,3,2,PAGINATION,keep
2656,handling,noun,C1,1,2,PAGINATION,delete
859,hook,noun,C1,3,2,PAGINATION,keep
2658,hook,noun,C1,3,2,PAGINATION,delete
862,horn,noun,C1,3,2,PAGINATION,keep
2659,horn,noun,C1,1,2,PAGINATION,delete
886,indictment,noun,C1,2,2,PAGINATION,keep
2660,indictment,noun,C1,1,2,PAGINATION,delete
888,induce,verb,C1,2,2,PAGINATION,keep
2661,induce,verb,C1,1,2,PAGINATION,delete
922,interference,noun,C1,2,2,PAGINATION,keep
2662,interference,noun,C1,2,2,PAGINATION,delete
946,landmark,noun,C1,2,2,PAGINATION,keep
2663,landmark,noun,C1,1,2,PAGINATION,delete
947,lap,noun,C1,3,2,PAGINATION,keep
2664,lap,noun,C1,1,2,PAGINATION,delete
961,legitimate,adjective,C1,2,2,PAGINATION,keep
2665,legitimate,adjective,C1,1,2,PAGINATION,delete
975,line-up,noun,C1,2,2,PAGINATION,keep
2668,line-up,noun,C1,1,2,PAGINATION,delete
979,lobby,"noun, verb",C1,2,2,PAGINATION,keep
2666,lobby,"noun, verb",C1,2,2,PAGINATION,delete
981,logic,noun,C1,3,2,PAGINATION,keep
2667,logic,noun,C1,1,2,PAGINATION,delete
985,loop,noun,C1,3,2,PAGINATION,keep
2669,loop,noun,C1,1,2,PAGINATION,delete
991,magnitude,noun,C1,2,2,PAGINATION,keep
2670,magnitude,noun,C1,1,2,PAGINATION,delete
994,maintenance,noun,C1,2,2,PAGINATION,keep
2671,maintenance,noun,C1,2,2,PAGINATION,delete
1000,march,"noun, verb",C1,3,2,PAGINATION,keep
2675,march,"noun, verb",C1,1,2,PAGINATION,delete
1001,marginal,adjective,C1,3,2,PAGINATION,keep
2672,marginal,adjective,C1,2,2,PAGINATION,delete
1004,mask,noun,C1,3,2,PAGINATION,keep
2674,mask,noun,C1,1,2,PAGINATION,delete
1007,mature,"adjective, verb",C1,3,2,PAGINATION,keep
2673,mature,"adjective, verb",C1,1,2,PAGINATION,delete
1023,merit,noun,C1,2,2,PAGINATION,keep
2676,merit,noun,C1,2,2,PAGINATION,delete
1032,ministry,noun,C1,1,2,PAGINATION,keep
2677,ministry,noun,C1,2,2,PAGINATION,delete
1038,mob,noun,C1,3,2,PAGINATION,keep
2678,mob,noun,C1,1,2,PAGINATION,delete
1042,momentum,noun,C1,2,2,PAGINATION,keep
2679,momentum,noun,C1,1,2,PAGINATION,delete
1057,niche,noun,C1,3,2,PAGINATION,keep
2680,niche,noun,C1,1,2,PAGINATION,delete
1071,nursery,noun,C1,2,2,PAGINATION,keep
2681,nursery,noun,C1,2,2,PAGINATION,delete
1094,outsider,noun,C1,2,2,PAGINATION,keep
2682,outsider,noun,C1,1,2,PAGINATION,delete
1101,pad,noun,C1,3,3,PAGINATION,keep
2683,pad,noun,C1,1,3,PAGINATION,delete
2684,pad,noun,C1,1,3,PAGINATION,delete
1106,partial,adjective,C1,2,2,PAGINATION,keep
2685,partial,adjective,C1,1,2,PAGINATION,delete
1111,patch,noun,C1,3,2,PAGINATION,keep
2687,patch,noun,C1,2,2,PAGINATION,delete
1115,patron,noun,C1,2,2,PAGINATION,keep
2686,patron,noun,C1,1,2,PAGINATION,delete
1116,peak,noun,C1,3,2,PAGINATION,keep
2689,peak,noun,C1,1,2,PAGINATION,delete
1118,peculiar,adjective,C1,3,2,PAGINATION,keep
2688,peculiar,adjective,C1,1,2,PAGINATION,delete
1131,plead,verb,C1,3,2,PAGINATION,keep
2690,plead,verb,C1,1,2,PAGINATION,delete
1135,pole,noun,C1,3,2,PAGINATION,keep
2691,pole,noun,C1,1,2,PAGINATION,delete
1153,premier,noun,C1,1,2,PAGINATION,keep
2692,premier,noun,C1,1,2,PAGINATION,delete
1169,principal,noun,C1,2,2,PAGINATION,keep
2695,principal,noun,C1,3,2,PAGINATION,delete
1172,probe,"noun, verb",C1,1,2,PAGINATION,keep
2693,probe,"noun, verb",C1,3,2,PAGINATION,delete
1191,protocol,noun,C1,3,2,PAGINATION,keep
2696,protocol,noun,C1,1,2,PAGINATION,delete
1197,pulse,noun,C1,3,2,PAGINATION,keep
2697,pulse,noun,C1,1,2,PAGINATION,delete
1198,pump,"noun, verb",C1,3,2,PAGINATION,keep
2702,pump,"noun, verb",C1,2,2,PAGINATION,delete
1199,punch,"noun, verb",C1,3,2,PAGINATION,keep
2701,punch,"noun, verb",C1,1,2,PAGINATION,delete
1207,rally,"noun, verb",C1,3,2,PAGINATION,keep
2698,rally,"noun, verb",C1,1,2,PAGINATION,delete
1209,rape,"noun, verb",C1,2,2,PAGINATION,keep
2699,rape,"noun, verb",C1,1,2,PAGINATION,delete
1211,ray,noun,C1,3,2,PAGINATION,keep
2700,ray,noun,C1,1,2,PAGINATION,delete
1231,rejection,noun,C1,3,2,PAGINATION,keep
2703,rejection,noun,C1,1,2,PAGINATION,delete
1239,render,verb,C1,3,2,PAGINATION,keep
2705,render,verb,C1,1,2,PAGINATION,delete
1244,representation,noun,C1,2,2,PAGINATION,keep
2704,representation,noun,C1,1,2,PAGINATION,delete
1256,restoration,noun,C1,3,2,PAGINATION,keep
2708,restoration,noun,C1,1,2,PAGINATION,delete
1259,retreat,"noun, verb",C1,3,2,PAGINATION,keep
2706,retreat,"noun, verb",C1,1,2,PAGINATION,delete
1264,revival,noun,C1,2,2,PAGINATION,keep
2707,revival,noun,C1,1,2,PAGINATION,delete
1270,rip,verb,C1,3,2,PAGINATION,keep
2709,rip,verb,C1,1,2,PAGINATION,delete
1272,rock,verb,C1,3,2,PAGINATION,keep
2712,rock,verb,C1,2,2,PAGINATION,delete
1278,sack,verb,C1,2,2,PAGINATION,keep
2710,sack,verb,C1,1,2,PAGINATION,delete
1283,sanction,noun,C1,2,2,PAGINATION,keep
2711,sanction,noun,C1,1,2,PAGINATION,delete
1288,screw,"noun, verb",C1,3,2,PAGINATION,keep
2715,screw,"noun, verb",C1,1,2,PAGINATION,delete
1293,segment,noun,C1,3,2,PAGINATION,keep
2713,segment,noun,C1,1,2,PAGINATION,delete
1303,settlement,noun,C1,3,2,PAGINATION,keep
2714,settlement,noun,C1,1,2,PAGINATION,delete
1308,shed,verb,C1,3,2,PAGINATION,keep
2716,shed,verb,C1,1,2,PAGINATION,delete
1310,shipping,noun,C1,2,2,PAGINATION,keep
2717,shipping,noun,C1,1,2,PAGINATION,delete
1312,shrink,verb,C1,3,2,PAGINATION,keep
2718,shrink,verb,C1,1,2,PAGINATION,delete
1319,sketch,noun,C1,2,2,PAGINATION,keep
2719,sketch,noun,C1,1,2,PAGINATION,delete
1321,slam,verb,C1,3,2,PAGINATION,keep
2720,slam,verb,C1,1,2,PAGINATION,delete
1327,snap,verb,C1,3,2,PAGINATION,keep
2721,snap,verb,C1,2,2,PAGINATION,delete
1338,spam,noun,C1,1,2,PAGINATION,keep
2722,spam,noun,C1,1,2,PAGINATION,delete
1339,span,"noun, verb",C1,3,2,PAGINATION,keep
2725,span,"noun, verb",C1,1,2,PAGINATION,delete
1345,spin,"noun, verb",C1,3,2,PAGINATION,keep
2729,spin,"noun, verb",C1,1,2,PAGINATION,delete
1346,spine,noun,C1,3,2,PAGINATION,keep
2723,spine,noun,C1,2,2,PAGINATION,delete
1355,stake,noun,C1,3,2,PAGINATION,keep
2724,stake,noun,C1,3,2,PAGINATION,delete
1363,stir,verb,C1,3,2,PAGINATION,keep
2728,stir,verb,C1,2,2,PAGINATION,delete
1366,strain,noun,C1,3,2,PAGINATION,keep
2727,strain,noun,C1,1,2,PAGINATION,delete
1367,strand,noun,C1,2,2,PAGINATION,keep
2726,strand,noun,C1,1,2,PAGINATION,delete
1369,strip,"noun, verb",C1,2,2,PAGINATION,keep
1370,strip,verb,C1,3,2,PAGINATION,delete
1373,stumble,verb,C1,2,2,PAGINATION,keep
2733,stumble,verb,C1,1,2,PAGINATION,delete
1384,suburban,adjective,C1,1,2,PAGINATION,keep
2732,suburban,adjective,C1,1,2,PAGINATION,delete
1391,suite,noun,C1,2,2,PAGINATION,keep
2735,suite,noun,C1,2,2,PAGINATION,delete
1398,supplement,"noun, verb",C1,3,2,PAGINATION,keep
2736,supplement,"noun, verb",C1,1,2,PAGINATION,delete
1406,suspension,noun,C1,2,2,PAGINATION,keep
2737,suspension,noun,C1,2,2,PAGINATION,delete
1409,swing,"noun, verb",C1,3,2,PAGINATION,keep
2743,swing,"noun, verb",C1,1,2,PAGINATION,delete
1412,syndrome,noun,C1,1,2,PAGINATION,keep
2738,syndrome,noun,C1,1,2,PAGINATION,delete
1414,tackle,noun,C1,1,3,PAGINATION,keep
2741,tackle,noun,C1,2,3,PAGINATION,delete
2742,tackle,noun,C1,1,3,PAGINATION,delete
1421,tenure,noun,C1,2,2,PAGINATION,keep
2739,tenure,noun,C1,1,2,PAGINATION,delete
1422,terminal,adjective,C1,3,2,PAGINATION,keep
2744,terminal,adjective,C1,1,2,PAGINATION,delete
1423,terminate,verb,C1,1,2,PAGINATION,keep
2740,terminate,verb,C1,1,2,PAGINATION,delete
1441,timber,noun,C1,3,2,PAGINATION,keep
2745,timber,noun,C1,1,2,PAGINATION,delete
1445,toll,noun,C1,3,2,PAGINATION,keep
2746,toll,noun,C1,1,2,PAGINATION,delete
1450,trace,noun,C1,2,2,PAGINATION,keep
2749,trace,noun,C1,3,2,PAGINATION,delete
1455,transcript,noun,C1,1,2,PAGINATION,keep
2747,transcript,noun,C1,1,2,PAGINATION,delete
1460,trauma,noun,C1,2,2,PAGINATION,keep
2748,trauma,noun,C1,1,2,PAGINATION,delete
1466,trio,noun,C1,2,2,PAGINATION,keep
2750,trio,noun,C1,1,2,PAGINATION,delete
1483,utility,noun,C1,2,2,PAGINATION,keep
2752,utility,noun,C1,1,2,PAGINATION,delete
1494,verse,noun,C1,3,2,PAGINATION,keep
2753,verse,noun,C1,1,2,PAGINATION,delete
1510,warrior,noun,C1,1,2,PAGINATION,keep
2754,warrior,noun,C1,1,2,PAGINATION,delete
1513,weed,noun,C1,3,2,PAGINATION,keep
2755,weed,noun,C1,2,2,PAGINATION,delete
1518,whip,verb,C1,3,2,PAGINATION,keep
2756,whip,verb,C1,1,2,PAGINATION,delete
1525,wit,noun,C1,3,2,PAGINATION,keep
2757,wit,noun,C1,1,2,PAGINATION,delete
1532,ward,noun,C1,2,2,PAGINATION,keep
2758,ward,noun,C1,1,2,PAGINATION,delete
1541,circuit,noun,B2,3,2,PAGINATION,keep
2760,circuit,noun,B2,1,2,PAGINATION,delete
1544,colony,noun,B2,3,2,PAGINATION,keep
2759,colony,noun,B2,1,2,PAGINATION,delete
1545,cue,noun,B2,3,2,PAGINATION,keep
2761,cue,noun,B2,1,2,PAGINATION,delete
1546,critically,adverb,B2,3,2,PAGINATION,keep
2763,critically,adverb,B2,1,2,PAGINATION,delete
1548,differ,verb,B2,3,2,PAGINATION,keep
2764,differ,verb,B2,1,2,PAGINATION,delete
1550,dot,noun,B2,3,2,PAGINATION,keep
2762,dot,noun,B2,1,2,PAGINATION,delete
1552,dull,adjective,B2,3,2,PAGINATION,keep
2765,dull,adjective,B2,3,2,PAGINATION,delete
1555,fond,adjective,B2,3,2,PAGINATION,keep
2767,fond,adjective,B2,2,2,PAGINATION,delete
1556,furious,adjective,B2,1,2,PAGINATION,keep
2766,furious,adjective,B2,1,2,PAGINATION,delete
1558,incentive,noun,B2,1,2,PAGINATION,keep
2769,incentive,noun,B2,1,2,PAGINATION,delete
1559,implication,noun,B2,2,2,PAGINATION,keep
2768,implication,noun,B2,1,2,PAGINATION,delete
1565,stall,noun,B2,3,2,PAGINATION,keep
2770,stall,noun,B2,2,2,PAGINATION,delete
1567,parade,noun,B2,3,2,PAGINATION,keep
2771,parade,noun,B2,1,2,PAGINATION,delete
1568,offender,noun,B2,1,2,PAGINATION,keep
2772,offender,noun,B2,1,2,PAGINATION,delete
1569,reckon,verb,B2,3,2,PAGINATION,keep
1639,reckon,verb,B2,1,2,PAGINATION,delete
1571,prompt,verb,B2,1,3,PAGINATION,keep
2773,prompt,verb,B2,1,3,PAGINATION,delete
2774,prompt,verb,B2,1,3,PAGINATION,delete
1575,choir,noun,B2,2,2,PAGINATION,keep
2775,choir,noun,B2,1,2,PAGINATION,delete
1576,commander,noun,B2,1,3,PAGINATION,keep
2776,commander,noun,B2,1,3,PAGINATION,delete
2777,commander,noun,B2,1,3,PAGINATION,delete
1582,approximate,verb,UNCLASSIFIED,2,2,PAGINATION,keep
1629,approximate,adjective,UNCLASSIFIED,1,2,PAGINATION,delete
1616,orient,verb,UNCLASSIFIED,3,2,MIXED,keep
1617,orient,verb,UNCLASSIFIED,1,2,MIXED,delete
1630,bat,noun,B2,3,2,PAGINATION,keep
2790,bat,noun,B2,1,2,PAGINATION,delete
1631,hook,verb,B2,3,2,PAGINATION,keep
2796,hook,verb,B2,1,2,PAGINATION,delete
1632,intellectual,adjective,B2,1,2,PAGINATION,keep
2791,intellectual,adjective,B2,1,2,PAGINATION,delete
1635,tackle,verb,B2,2,2,PAGINATION,keep
2792,tackle,verb,B2,3,2,PAGINATION,delete
1636,terminal,noun,B2,3,2,PAGINATION,keep
2794,terminal,noun,B2,1,2,PAGINATION,delete
1637,trace,verb,B2,3,2,PAGINATION,keep
2793,trace,verb,B2,3,2,PAGINATION,delete
1644,absorb,verb,B2,3,2,PAGINATION,keep
2797,absorb,verb,B2,3,2,PAGINATION,delete
1649,academy,noun,C1,2,2,PAGINATION,keep
2799,academy,noun,C1,3,2,PAGINATION,delete
1653,accommodate,verb,B2,3,2,PAGINATION,keep
2800,accommodate,verb,B2,2,2,PAGINATION,delete
1693,ally,noun,C1,3,2,PAGINATION,keep
2801,ally,noun,C1,1,2,PAGINATION,delete
1702,ancestor,noun,B2,1,2,PAGINATION,keep
2802,ancestor,noun,B2,2,2,PAGINATION,delete
1704,angel,noun,C1,3,2,PAGINATION,keep
2803,angel,noun,C1,1,2,PAGINATION,delete
1709,apology,noun,B2,2,2,PAGINATION,keep
2804,apology,noun,B2,1,2,PAGINATION,delete
1716,aside,adverb,B2,2,2,PAGINATION,keep
2805,aside,adverb,B2,1,2,PAGINATION,delete
1718,assign,verb,B2,3,3,PAGINATION,keep
2806,assign,verb,B2,2,3,PAGINATION,delete
2807,assign,verb,B2,1,3,PAGINATION,delete
1720,attachment,noun,B2,3,2,PAGINATION,keep
2809,attachment,noun,B2,2,2,PAGINATION,delete
1723,automatic,adjective,B2,2,2,PAGINATION,keep
2808,automatic,adjective,B2,1,2,PAGINATION,delete
1724,automatically,adverb,B2,2,2,PAGINATION,keep
2811,automatically,adverb,B2,1,2,PAGINATION,delete
1726,awkward,adjective,B2,3,2,PAGINATION,keep
2810,awkward,adjective,B2,2,2,PAGINATION,delete
1731,barely,adverb,B2,2,2,PAGINATION,keep
2812,barely,adverb,B2,2,2,PAGINATION,delete
1738,bid,"noun, verb",B2,3,2,PAGINATION,keep
2815,bid,"noun, verb",B2,1,2,PAGINATION,delete
1739,blanket,noun,B2,1,2,PAGINATION,keep
2813,blanket,noun,B2,1,2,PAGINATION,delete
1742,booking,noun,B2,2,2,PAGINATION,keep
2816,booking,noun,B2,1,2,PAGINATION,delete
1744,bound,adjective,B2,3,2,PAGINATION,keep
2814,bound,adjective,B2,1,2,PAGINATION,delete
1749,bug,noun,B2,3,2,PAGINATION,keep
2819,bug,noun,B2,2,2,PAGINATION,delete
1750,cabin,noun,B2,2,2,PAGINATION,keep
2817,cabin,noun,B2,1,2,PAGINATION,delete
1751,canal,noun,B2,1,2,PAGINATION,keep
2818,canal,noun,B2,1,2,PAGINATION,delete
1754,casual,adjective,B2,1,2,PAGINATION,keep
2821,casual,adjective,B2,3,2,PAGINATION,delete
1756,certainty,noun,B2,1,2,PAGINATION,keep
2820,certainty,noun,B2,1,2,PAGINATION,delete
1758,challenging,adjective,B2,1,2,PAGINATION,keep
2822,challenging,adjective,B2,1,2,PAGINATION,delete
1760,charming,adjective,B2,1,2,PAGINATION,keep
2823,charming,adjective,B2,1,2,PAGINATION,delete
1762,cheek,noun,B2,3,2,PAGINATION,keep
2824,cheek,noun,B2,1,2,PAGINATION,delete
1767,clip,noun,B2,3,2,PAGINATION,keep
2825,clip,noun,B2,1,2,PAGINATION,delete
1771,collision,noun,C1,2,2,PAGINATION,keep
2826,collision,noun,C1,2,2,PAGINATION,delete
1772,colonial,adjective,C1,1,2,PAGINATION,keep
2827,colonial,adjective,C1,1,2,PAGINATION,delete
1773,colourful,adjective,B2,1,2,PAGINATION,keep
2828,colourful,adjective,B2,1,2,PAGINATION,delete
1780,commissioner,noun,C1,2,2,PAGINATION,keep
2829,commissioner,noun,C1,2,2,PAGINATION,delete
1789,compose,verb,B2,2,2,PAGINATION,keep
2830,compose,verb,B2,2,2,PAGINATION,delete
1797,concession,noun,C1,3,2,PAGINATION,keep
2834,concession,noun,C1,1,2,PAGINATION,delete
1798,concrete,"adjective, noun",B2,2,2,PAGINATION,keep
2831,concrete,"adjective, noun",B2,1,2,PAGINATION,delete
1800,configuration,noun,C1,1,2,PAGINATION,keep
2832,configuration,noun,C1,1,2,PAGINATION,delete
1801,confirmation,noun,C1,1,2,PAGINATION,keep
2833,confirmation,noun,C1,2,2,PAGINATION,delete
1810,conservation,noun,B2,1,2,PAGINATION,keep
2835,conservation,noun,B2,2,2,PAGINATION,delete
1822,consumption,noun,B2,2,2,PAGINATION,keep
2836,consumption,noun,B2,1,2,PAGINATION,delete
1823,contempt,noun,C1,3,2,PAGINATION,keep
2837,contempt,noun,C1,1,2,PAGINATION,delete
1833,convention,noun,B2,2,2,PAGINATION,keep
2839,convention,noun,B2,2,2,PAGINATION,delete
1834,conventional,adjective,B2,3,2,PAGINATION,keep
2838,conventional,adjective,B2,1,2,PAGINATION,delete
1839,coordinate,verb,C1,2,2,PAGINATION,keep
2840,coordinate,verb,C1,1,2,PAGINATION,delete
1843,copper,noun,C1,2,2,PAGINATION,keep
2842,copper,noun,C1,1,2,PAGINATION,delete
1845,corporation,noun,B2,2,2,PAGINATION,keep
2841,corporation,noun,B2,1,2,PAGINATION,delete
1852,corridor,noun,B2,3,2,PAGINATION,keep
2843,corridor,noun,B2,1,2,PAGINATION,delete
1857,counter (long flat surface),noun,B2,3,2,PAGINATION,keep
2845,counter (long flat surface),noun,B2,1,2,PAGINATION,delete
1862,coverage,noun,B2,3,2,PAGINATION,keep
2846,coverage,noun,B2,1,2,PAGINATION,delete
1863,crack,"noun, verb",B2,3,2,PAGINATION,keep
2850,crack,"noun, verb",B2,2,2,PAGINATION,delete
1865,crawl,verb,C1,3,2,PAGINATION,keep
2847,crawl,verb,C1,1,2,PAGINATION,delete
1871,crown,noun,C1,3,2,PAGINATION,keep
2848,crown,noun,C1,3,2,PAGINATION,delete
1880,cutting,noun,C1,2,2,PAGINATION,keep
2849,cutting,noun,C1,1,2,PAGINATION,delete
1884,dare,verb,B2,3,2,PAGINATION,keep
2851,dare,verb,B2,1,2,PAGINATION,delete
1889,deadly,adjective,B2,3,2,PAGINATION,keep
2852,deadly,adjective,B2,1,2,PAGINATION,delete
1890,dealer,noun,B2,2,2,PAGINATION,keep
2853,dealer,noun,B2,1,2,PAGINATION,delete
1895,deck,noun,B2,3,3,PAGINATION,keep
2854,deck,noun,B2,2,3,PAGINATION,delete
2855,deck,noun,B2,2,3,PAGINATION,delete
1898,deed,noun,C1,2,2,PAGINATION,keep
2859,deed,noun,C1,1,2,PAGINATION,delete
1900,default,noun,C1,3,2,PAGINATION,keep
2856,default,noun,C1,1,2,PAGINATION,delete
1909,democracy,noun,B2,2,2,PAGINATION,keep
2858,democracy,noun,B2,1,2,PAGINATION,delete
1912,demonstration,noun,B2,3,2,PAGINATION,keep
2857,demonstration,noun,B2,1,2,PAGINATION,delete
1915,dense,adjective,C1,3,2,PAGINATION,keep
2860,dense,adjective,C1,1,2,PAGINATION,delete
1924,depression,noun,B2,3,3,PAGINATION,keep
2861,depression,noun,B2,1,3,PAGINATION,delete
2862,depression,noun,B2,1,3,PAGINATION,delete
1926,deputy,noun,C1,2,2,PAGINATION,keep
2865,deputy,noun,C1,1,2,PAGINATION,delete
1929,descent,noun,C1,2,2,PAGINATION,keep
2866,descent,noun,C1,1,2,PAGINATION,delete
1953,dip,verb,C1,3,2,PAGINATION,keep
2867,dip,verb,C1,1,2,PAGINATION,delete
1956,directory,noun,C1,2,2,PAGINATION,keep
2868,directory,noun,C1,1,2,PAGINATION,delete
1959,disagreement,noun,B2,1,2,PAGINATION,keep
2869,disagreement,noun,B2,1,2,PAGINATION,delete
1964,discharge,verb,C1,3,2,PAGINATION,keep
2870,discharge,verb,C1,1,2,PAGINATION,delete
1970,dismissal,noun,C1,3,2,PAGINATION,keep
2872,dismissal,noun,C1,1,2,PAGINATION,delete
1971,disorder,noun,B2,1,2,PAGINATION,keep
2871,disorder,noun,B2,2,2,PAGINATION,delete
1976,disrupt,verb,C1,1,2,PAGINATION,keep
2875,disrupt,verb,C1,1,2,PAGINATION,delete
1977,disruption,noun,C1,1,2,PAGINATION,keep
2873,disruption,noun,C1,1,2,PAGINATION,delete
1978,dissolve,verb,C1,3,2,PAGINATION,keep
2874,dissolve,verb,C1,1,2,PAGINATION,delete
1979,distant,adjective,B2,3,2,PAGINATION,keep
2876,distant,adjective,B2,1,2,PAGINATION,delete
1985,disturb,verb,B2,3,2,PAGINATION,keep
2877,disturb,verb,B2,1,2,PAGINATION,delete
1995,domain,noun,C1,3,2,PAGINATION,keep
2878,domain,noun,C1,1,2,PAGINATION,delete
1997,donation,noun,B2,1,2,PAGINATION,keep
2879,donation,noun,B2,1,2,PAGINATION,delete
2009,dump,verb,B2,3,2,PAGINATION,keep
2880,dump,verb,B2,2,2,PAGINATION,delete
2012,dynamic,adjective,B2,3,2,PAGINATION,keep
2881,dynamic,adjective,B2,1,2,PAGINATION,delete
2016,echo,"noun, verb",C1,2,2,PAGINATION,keep
2885,echo,"noun, verb",C1,1,2,PAGINATION,delete
2018,economics,noun,B2,1,2,PAGINATION,keep
2882,economics,noun,B2,1,2,PAGINATION,delete
2029,elementary,adjective,B2,1,2,PAGINATION,keep
2884,elementary,adjective,B2,2,2,PAGINATION,delete
2030,elevate,verb,C1,3,2,PAGINATION,keep
2886,elevate,verb,C1,1,2,PAGINATION,delete
2031,eligible,adjective,C1,1,2,PAGINATION,keep
2883,eligible,adjective,C1,1,2,PAGINATION,delete
2036,embed,verb,C1,2,2,PAGINATION,keep
2887,embed,verb,C1,1,2,PAGINATION,delete
2041,empire,noun,B2,2,2,PAGINATION,keep
2889,empire,noun,B2,1,2,PAGINATION,delete
2044,enact,verb,C1,3,2,PAGINATION,keep
2888,enact,verb,C1,1,2,PAGINATION,delete
2055,engagement,noun,C1,3,2,PAGINATION,keep
2890,engagement,noun,C1,1,2,PAGINATION,delete
2066,envelope,noun,B2,3,2,PAGINATION,keep
2891,envelope,noun,B2,1,2,PAGINATION,delete
2088,execute,verb,C1,3,2,PAGINATION,keep
2892,execute,verb,C1,1,2,PAGINATION,delete
2092,exit,noun,B2,2,2,PAGINATION,keep
2893,exit,noun,B2,2,2,PAGINATION,delete
2099,explosive,"adjective, noun",C1,3,2,PAGINATION,keep
2894,explosive,"adjective, noun",C1,1,2,PAGINATION,delete
2100,exposure,noun,B2,3,2,PAGINATION,keep
2895,exposure,noun,B2,2,2,PAGINATION,delete
2102,extract,noun,B2,1,2,PAGINATION,keep
2896,extract,noun,B2,1,2,PAGINATION,delete
2104,fabric,noun,B2,1,3,PAGINATION,keep
2897,fabric,noun,B2,1,3,PAGINATION,delete
2898,fabric,noun,B2,1,3,PAGINATION,delete
2108,fantasy,noun,B2,3,2,PAGINATION,keep
2899,fantasy,noun,B2,1,2,PAGINATION,delete
2113,flavour,noun,B2,3,2,PAGINATION,keep
2900,flavour,noun,B2,1,2,PAGINATION,delete
2114,fool,noun,B2,3,2,PAGINATION,keep
2902,fool,noun,B2,1,2,PAGINATION,delete
2117,formation,noun,B2,2,2,PAGINATION,keep
2901,formation,noun,B2,1,2,PAGINATION,delete
2123,freely,adverb,B2,3,2,PAGINATION,keep
2903,freely,adverb,B2,1,2,PAGINATION,delete
2125,fulfil,verb,B2,3,2,PAGINATION,keep
2904,fulfil,verb,B2,1,2,PAGINATION,delete
2129,gender,noun,B2,1,2,PAGINATION,keep
2905,gender,noun,B2,1,2,PAGINATION,delete
2134,gesture,noun,B2,1,2,PAGINATION,keep
2906,gesture,noun,B2,1,2,PAGINATION,delete
2139,graphic,adjective,B2,1,2,PAGINATION,keep
2907,graphic,adjective,B2,1,2,PAGINATION,delete
2142,grave (serious),adjective,C1,1,2,PAGINATION,keep
2908,grave (serious),adjective,C1,1,2,PAGINATION,delete
2156,highway,noun,B2,3,2,PAGINATION,keep
2909,highway,noun,B2,1,2,PAGINATION,delete
2161,hopefully,adverb,B2,1,2,PAGINATION,keep
2910,hopefully,adverb,B2,1,2,PAGINATION,delete
2162,hunger,noun,B2,2,2,PAGINATION,keep
2911,hunger,noun,B2,1,2,PAGINATION,delete
2163,icon,noun,B2,2,2,PAGINATION,keep
2913,icon,noun,B2,1,2,PAGINATION,delete
2167,immune,adjective,B2,1,2,PAGINATION,keep
2912,immune,adjective,B2,2,2,PAGINATION,delete
2177,inherit,verb,B2,2,2,PAGINATION,keep
2915,inherit,verb,B2,1,2,PAGINATION,delete
2178,ink,noun,B2,1,2,PAGINATION,keep
2914,ink,noun,B2,1,2,PAGINATION,delete
2182,installation,noun,B2,3,3,PAGINATION,keep
2917,installation,noun,B2,1,3,PAGINATION,delete
2918,installation,noun,B2,1,3,PAGINATION,delete
2185,interact,verb,B2,1,2,PAGINATION,keep
2919,interact,verb,B2,1,2,PAGINATION,delete
2186,interaction,noun,B2,1,2,PAGINATION,keep
2923,interaction,noun,B2,1,2,PAGINATION,delete
2187,interval,noun,B2,3,2,PAGINATION,keep
2916,interval,noun,B2,2,2,PAGINATION,delete
2188,invade,verb,B2,1,2,PAGINATION,keep
2920,invade,verb,B2,2,2,PAGINATION,delete
2189,invasion,noun,B2,1,2,PAGINATION,keep
2924,invasion,noun,B2,2,2,PAGINATION,delete
2191,isolate,verb,B2,2,2,PAGINATION,keep
2921,isolate,verb,B2,1,2,PAGINATION,delete
2192,isolated,adjective,B2,2,2,PAGINATION,keep
2922,isolated,adjective,B2,1,2,PAGINATION,delete
2197,ladder,noun,B2,3,2,PAGINATION,keep
2926,ladder,noun,B2,1,2,PAGINATION,delete
2198,landing,noun,B2,3,2,PAGINATION,keep
2925,landing,noun,B2,1,2,PAGINATION,delete
2199,lane,noun,B2,3,2,PAGINATION,keep
2927,lane,noun,B2,2,2,PAGINATION,delete
2201,legend,noun,B2,3,2,PAGINATION,keep
2928,legend,noun,B2,1,2,PAGINATION,delete
2202,lens,noun,B2,3,2,PAGINATION,keep
2929,lens,noun,B2,1,2,PAGINATION,delete
2207,literally,adverb,B2,1,2,PAGINATION,keep
2931,literally,adverb,B2,2,2,PAGINATION,delete
2208,literary,adjective,B2,1,2,PAGINATION,keep
2930,literary,adjective,B2,2,2,PAGINATION,delete
2210,litter,noun,B2,3,2,PAGINATION,keep
2932,litter,noun,B2,2,2,PAGINATION,delete
2215,make-up,noun,B2,1,3,PAGINATION,keep
2943,make-up,noun,B2,2,3,PAGINATION,delete
2944,make-up,noun,B2,1,3,PAGINATION,delete
2217,manufacture,verb,B2,2,2,PAGINATION,keep
2933,manufacture,verb,B2,1,2,PAGINATION,delete
2219,marathon,noun,B2,1,2,PAGINATION,keep
2941,marathon,noun,B2,1,2,PAGINATION,delete
2220,marker,noun,B2,3,2,PAGINATION,keep
2935,marker,noun,B2,1,2,PAGINATION,delete
2222,mate,"noun, verb",B2,3,2,PAGINATION,keep
2934,mate,"noun, verb",B2,1,2,PAGINATION,delete
2224,mechanic,noun,B2,3,2,PAGINATION,keep
2936,mechanic,noun,B2,1,2,PAGINATION,delete
2225,mechanical,adjective,B2,3,2,PAGINATION,keep
2937,mechanical,adjective,B2,1,2,PAGINATION,delete
2228,membership,noun,B2,1,2,PAGINATION,keep
2939,membership,noun,B2,1,2,PAGINATION,delete
2231,mode,noun,B2,3,2,PAGINATION,keep
2938,mode,noun,B2,1,2,PAGINATION,delete
2232,modest,adjective,B2,2,2,PAGINATION,keep
2940,modest,adjective,B2,1,2,PAGINATION,delete
2233,monster,noun,B2,2,2,PAGINATION,keep
2942,monster,noun,B2,2,2,PAGINATION,delete
2236,motion,noun,B2,3,2,PAGINATION,keep
2946,motion,noun,B2,2,2,PAGINATION,delete
2239,naked,adjective,B2,3,2,PAGINATION,keep
2945,naked,adjective,B2,2,2,PAGINATION,delete
2240,navigation,noun,B2,1,2,PAGINATION,keep
2947,navigation,noun,B2,2,2,PAGINATION,delete
2242,necessity,noun,B2,3,2,PAGINATION,keep
2950,necessity,noun,B2,1,2,PAGINATION,delete
2245,neutral,adjective,B2,3,2,PAGINATION,keep
2951,neutral,adjective,B2,2,2,PAGINATION,delete
2246,norm,noun,B2,1,2,PAGINATION,keep
2948,norm,noun,B2,2,2,PAGINATION,delete
2250,nutrition,noun,B2,1,2,PAGINATION,keep
2949,nutrition,noun,B2,1,2,PAGINATION,delete
2252,observer,noun,B2,2,2,PAGINATION,keep
2952,observer,noun,B2,1,2,PAGINATION,delete
2253,obstacle,noun,B2,2,2,PAGINATION,keep
2954,obstacle,noun,B2,1,2,PAGINATION,delete
2254,occupation,noun,B2,1,2,PAGINATION,keep
2953,occupation,noun,B2,3,2,PAGINATION,delete
2255,occupy,verb,B2,1,2,PAGINATION,keep
2957,occupy,verb,B2,3,2,PAGINATION,delete
2258,opera,noun,B2,1,2,PAGINATION,keep
2956,opera,noun,B2,1,2,PAGINATION,delete
2259,operator,noun,B2,3,2,PAGINATION,keep
2955,operator,noun,B2,1,2,PAGINATION,delete
2261,organic,adjective,B2,3,2,PAGINATION,keep
2958,organic,adjective,B2,2,2,PAGINATION,delete
2264,outstanding,adjective,B2,2,2,PAGINATION,keep
2960,outstanding,adjective,B2,1,2,PAGINATION,delete
2265,overcome,verb,B2,1,2,PAGINATION,keep
2959,overcome,verb,B2,2,2,PAGINATION,delete
2266,overnight,adverb,B2,1,2,PAGINATION,keep
2961,overnight,adverb,B2,1,2,PAGINATION,delete
2274,partnership,noun,B2,2,2,PAGINATION,keep
2962,partnership,noun,B2,1,2,PAGINATION,delete
2280,peer,noun,B2,1,2,PAGINATION,keep
2964,peer,noun,B2,1,2,PAGINATION,delete
2281,penalty,noun,B2,2,2,PAGINATION,keep
2963,penalty,noun,B2,3,2,PAGINATION,delete
2284,pity,noun,B2,2,2,PAGINATION,keep
2967,pity,noun,B2,1,2,PAGINATION,delete
2285,placement,noun,B2,2,2,PAGINATION,keep
2965,placement,noun,B2,1,2,PAGINATION,delete
2288,precise,adjective,B2,3,2,PAGINATION,keep
2966,precise,adjective,B2,1,2,PAGINATION,delete
2292,pride,noun,B2,3,2,PAGINATION,keep
2968,pride,noun,B2,1,2,PAGINATION,delete
2297,programming,noun,B2,1,2,PAGINATION,keep
2969,programming,noun,B2,1,2,PAGINATION,delete
2298,progressive,adjective,B2,1,3,PAGINATION,keep
2970,progressive,adjective,B2,1,3,PAGINATION,delete
2971,progressive,adjective,B2,1,3,PAGINATION,delete
2300,promotion,noun,B2,3,2,PAGINATION,keep
2974,promotion,noun,B2,1,2,PAGINATION,delete
2301,proportion,noun,B2,3,2,PAGINATION,keep
2972,proportion,noun,B2,2,2,PAGINATION,delete
2308,pursuit,noun,B2,1,2,PAGINATION,keep
2973,pursuit,noun,B2,2,2,PAGINATION,delete
2309,puzzle,noun,B2,2,2,PAGINATION,keep
2975,puzzle,noun,B2,1,2,PAGINATION,delete
2314,rail,noun,B2,3,2,PAGINATION,keep
2976,rail,noun,B2,1,2,PAGINATION,delete
2317,rating,noun,B2,2,2,PAGINATION,keep
2977,rating,noun,B2,2,2,PAGINATION,delete
2320,receiver,noun,B2,3,2,PAGINATION,keep
2978,receiver,noun,B2,1,2,PAGINATION,delete
2322,recognition,noun,B2,2,2,PAGINATION,keep
2983,recognition,noun,B2,2,2,PAGINATION,delete
2323,recovery,noun,B2,2,3,PAGINATION,keep
2979,recovery,noun,B2,1,3,PAGINATION,delete
2980,recovery,noun,B2,1,3,PAGINATION,delete
2326,referee,noun,B2,2,3,PAGINATION,keep
2981,referee,noun,B2,1,3,PAGINATION,delete
2982,referee,noun,B2,1,3,PAGINATION,delete
2327,registration,noun,B2,3,2,PAGINATION,keep
2984,registration,noun,B2,1,2,PAGINATION,delete
2329,relieve,verb,B2,3,2,PAGINATION,keep
2985,relieve,verb,B2,1,2,PAGINATION,delete
2335,resolution,noun,B2,3,2,PAGINATION,keep
2986,resolution,noun,B2,2,2,PAGINATION,delete
2338,restriction,noun,B2,2,2,PAGINATION,keep
2988,restriction,noun,B2,1,2,PAGINATION,delete
2340,retirement,noun,B2,2,2,PAGINATION,keep
2987,retirement,noun,B2,1,2,PAGINATION,delete
2347,rocket,noun,B2,3,2,PAGINATION,keep
2991,rocket,noun,B2,1,2,PAGINATION,delete
2348,romance,noun,B2,3,2,PAGINATION,keep
2990,romance,noun,B2,2,2,PAGINATION,delete
2353,scandal,noun,B2,1,2,PAGINATION,keep
2992,scandal,noun,B2,2,2,PAGINATION,delete
2356,scholar,noun,B2,2,2,PAGINATION,keep
2993,scholar,noun,B2,1,2,PAGINATION,delete
2357,scholarship,noun,B2,1,2,PAGINATION,keep
2995,scholarship,noun,B2,1,2,PAGINATION,delete
2358,screening,noun,B2,1,2,PAGINATION,keep
2994,screening,noun,B2,1,2,PAGINATION,delete
2360,seminar,noun,B2,1,2,PAGINATION,keep
2996,seminar,noun,B2,1,2,PAGINATION,delete
2362,sexy,adjective,B2,2,2,PAGINATION,keep
2997,sexy,adjective,B2,2,2,PAGINATION,delete
2368,signature,noun,B2,1,2,PAGINATION,keep
2999,signature,noun,B2,2,2,PAGINATION,delete
2369,significance,noun,B2,1,2,PAGINATION,keep
2998,significance,noun,B2,1,2,PAGINATION,delete
2378,speculate,verb,B2,1,2,PAGINATION,keep
3000,speculate,verb,B2,1,2,PAGINATION,delete
2379,speculation,noun,B2,1,2,PAGINATION,keep
3001,speculation,noun,B2,1,2,PAGINATION,delete
2382,spoil,verb,B2,3,2,PAGINATION,keep
3002,spoil,verb,B2,1,2,PAGINATION,delete
2390,strictly,adverb,B2,3,2,PAGINATION,keep
3004,strictly,adverb,B2,2,2,PAGINATION,delete
2391,strip (long narrow piece),noun,C1,3,2,PAGINATION,keep
3003,strip (long narrow piece),noun,C1,2,2,PAGINATION,delete
2393,stunning,adjective,B2,1,2,PAGINATION,keep
3005,stunning,adjective,B2,1,2,PAGINATION,delete
2401,sympathetic,adjective,B2,1,2,PAGINATION,keep
3007,sympathetic,adjective,B2,2,2,PAGINATION,delete
2402,tag,"noun, verb",B2,3,2,PAGINATION,keep
3006,tag,"noun, verb",B2,1,2,PAGINATION,delete
2405,temple,noun,B2,1,2,PAGINATION,keep
3008,temple,noun,B2,1,2,PAGINATION,delete
2407,terms,noun,B2,3,2,PAGINATION,keep
3009,terms,noun,B2,2,2,PAGINATION,delete
2411,terror,noun,B2,2,2,PAGINATION,keep
3011,terror,noun,B2,2,2,PAGINATION,delete
2418,thesis,noun,B2,1,2,PAGINATION,keep
3010,thesis,noun,B2,1,2,PAGINATION,delete
2422,tissue,noun,B2,3,2,PAGINATION,keep
3013,tissue,noun,B2,1,2,PAGINATION,delete
2428,tragic,adjective,B2,1,2,PAGINATION,keep
3012,tragic,adjective,B2,1,2,PAGINATION,delete
2430,transmit,verb,B2,2,2,PAGINATION,keep
3014,transmit,verb,B2,1,2,PAGINATION,delete
2432,trap,"noun, verb",B2,3,2,PAGINATION,keep
3015,trap,"noun, verb",B2,1,2,PAGINATION,delete
2434,tribe,noun,B2,3,2,PAGINATION,keep
3016,tribe,noun,B2,1,2,PAGINATION,delete
2440,uncertainty,noun,B2,1,2,PAGINATION,keep
3017,uncertainty,noun,B2,1,2,PAGINATION,delete
2441,undertake,verb,B2,1,2,PAGINATION,keep
3018,undertake,verb,B2,1,2,PAGINATION,delete
2443,unity,noun,B2,3,2,PAGINATION,keep
3019,unity,noun,B2,1,2,PAGINATION,delete
2449,variation,noun,B2,2,2,PAGINATION,keep
3021,variation,noun,B2,1,2,PAGINATION,delete
2450,viewpoint,noun,B2,1,2,PAGINATION,keep
3020,viewpoint,noun,B2,1,2,PAGINATION,delete
2456,wander,verb,B2,3,2,PAGINATION,keep
3022,wander,verb,B2,2,2,PAGINATION,delete
2466,withdraw,verb,B2,2,2,PAGINATION,keep
3023,withdraw,verb,B2,3,2,PAGINATION,delete
2470,worm,noun,B2,3,3,PAGINATION,keep
3024,worm,noun,B2,2,3,PAGINATION,delete
3025,worm,noun,B2,1,3,PAGINATION,delete
2731,strip,"noun, verb",UNCLASSIFIED,3,2,PAGINATION,keep
2734,strip,verb,UNCLASSIFIED,3,2,PAGINATION,delete
