word,cefr,classification,keep_line_no,delete_line_nos,n_senses_kept,total_unique_senses,senses_overcap,notes
uncertain,UNCLASSIFIED,MIXED,8,2473,2,4,1,"MIXED: 1 cards share some senses. Manual merge needed — auto-dedup will lose senses. Total unique=4, Sense Cap = 3."
regulation,B2,PAGINATION,14,2474,1,2,0,"PAGINATION: 1 card(s) to delete. Keep criteria: oxford_overlap, n_senses, line_no."
resources,UNCLASSIFIED,PAGINATION,2482,16,1,2,0,"PAGINATION: 1 card(s) to delete. Keep criteria: oxford_overlap, n_senses, line_no."
disconnected,UNCLASSIFIED,PAGINATION,2483,26,3,5,2,"PAGINATION: 1 card(s) to delete. Keep criteria: oxford_overlap, n_senses, line_no."
foundation,B2,PAGINATION,36,2477|2476,3,5,2,"PAGINATION: 2 card(s) to delete. Keep criteria: oxford_overlap, n_senses, line_no."
persist,C1,PAGINATION,39,1119,2,3,0,"PAGINATION: 1 card(s) to delete. Keep criteria: oxford_overlap, n_senses, line_no."
suffering,B2,PAGINATION,41,2479,1,2,0,"PAGINATION: 1 card(s) to delete. Keep criteria: oxford_overlap, n_senses, line_no."
vital,B2,PAGINATION,43,2480,2,3,0,"PAGINATION: 1 card(s) to delete. Keep criteria: oxford_overlap, n_senses, line_no."
domesticated,UNCLASSIFIED,PAGINATION,45,2487,2,3,0,"PAGINATION: 1 card(s) to delete. Keep criteria: oxford_overlap, n_senses, line_no."
concentrations,UNCLASSIFIED,PAGINATION,2492,54,3,4,1,"PAGINATION: 1 card(s) to delete. Keep criteria: oxford_overlap, n_senses, line_no."
regulations,UNCLASSIFIED,PAGINATION,2490,55,1,2,0,"PAGINATION: 1 card(s) to delete. Keep criteria: oxford_overlap, n_senses, line_no."
sustainable,B2,PAGINATION,81,2489,1,2,0,"PAGINATION: 1 card(s) to delete. Keep criteria: oxford_overlap, n_senses, line_no."
invading,UNCLASSIFIED,PAGINATION,2495,88,2,3,0,"PAGINATION: 1 card(s) to delete. Keep criteria: oxford_overlap, n_senses, line_no."
eliminated,UNCLASSIFIED,PAGINATION,2498,2499|103,2,4,1,"PAGINATION: 2 card(s) to delete. Keep criteria: oxford_overlap, n_senses, line_no."
hostile,C1,PAGINATION,111,2494,3,5,2,"PAGINATION: 1 card(s) to delete. Keep criteria: oxford_overlap, n_senses, line_no."
monitors,UNCLASSIFIED,PAGINATION,2505,112,2,3,0,"PAGINATION: 1 card(s) to delete. Keep criteria: oxford_overlap, n_senses, line_no."
sustain,C1,PAGINATION,115,2497,3,5,2,"PAGINATION: 1 card(s) to delete. Keep criteria: oxford_overlap, n_senses, line_no."
eliminate,B2,PAGINATION,124,2502,2,4,1,"PAGINATION: 1 card(s) to delete. Keep criteria: oxford_overlap, n_senses, line_no."
distinguish,B2,PAGINATION,139,2504,2,4,1,"PAGINATION: 1 card(s) to delete. Keep criteria: oxford_overlap, n_senses, line_no."
sophisticated,B2,PAGINATION,157,2508,1,3,0,"PAGINATION: 1 card(s) to delete. Keep criteria: oxford_overlap, n_senses, line_no."
hypothesis,B2,PAGINATION,160,2507,1,2,0,"PAGINATION: 1 card(s) to delete. Keep criteria: oxford_overlap, n_senses, line_no."
discipline,B2,PAGINATION,178,2510,3,4,1,"PAGINATION: 1 card(s) to delete. Keep criteria: oxford_overlap, n_senses, line_no."
phenomenon,B2,PAGINATION,189,2514,1,2,0,"PAGINATION: 1 card(s) to delete. Keep criteria: oxford_overlap, n_senses, line_no."
contract,B2,PAGINATION,1640,207|2798|2519,1,6,3,"PAGINATION: 3 card(s) to delete. Keep criteria: oxford_overlap, n_senses, line_no."
tension,B2,PAGINATION,208,2518,3,4,1,"PAGINATION: 1 card(s) to delete. Keep criteria: oxford_overlap, n_senses, line_no."
stimulate,B2,PAGINATION,214,2521,2,3,0,"PAGINATION: 1 card(s) to delete. Keep criteria: oxford_overlap, n_senses, line_no."
resistance,C1,PAGINATION,215,2520,3,6,3,"PAGINATION: 1 card(s) to delete. Keep criteria: oxford_overlap, n_senses, line_no."
mechanism,B2,PAGINATION,219,2522,1,3,0,"PAGINATION: 1 card(s) to delete. Keep criteria: oxford_overlap, n_senses, line_no."
assumption,B2,PAGINATION,255,2527,1,2,0,"PAGINATION: 1 card(s) to delete. Keep criteria: oxford_overlap, n_senses, line_no."
proportions,UNCLASSIFIED,PAGINATION,2533,2532|259,3,7,4,"PAGINATION: 2 card(s) to delete. Keep criteria: oxford_overlap, n_senses, line_no."
dominant,B2,PAGINATION,263,2528,1,2,0,"PAGINATION: 1 card(s) to delete. Keep criteria: oxford_overlap, n_senses, line_no."
exhibit,B2,PAGINATION,268,2530,3,4,1,"PAGINATION: 1 card(s) to delete. Keep criteria: oxford_overlap, n_senses, line_no."
bias,B2,PAGINATION,278,2531,3,4,1,"PAGINATION: 1 card(s) to delete. Keep criteria: oxford_overlap, n_senses, line_no."
stacked,UNCLASSIFIED,PAGINATION,289,2541,3,4,1,"PAGINATION: 1 card(s) to delete. Keep criteria: oxford_overlap, n_senses, line_no."
yield,C1,PAGINATION,298,3026,3,4,1,"PAGINATION: 1 card(s) to delete. Keep criteria: oxford_overlap, n_senses, line_no."
consistent,B2,PAGINATION,323,2537,2,4,1,"PAGINATION: 1 card(s) to delete. Keep criteria: oxford_overlap, n_senses, line_no."
inherited,UNCLASSIFIED,PAGINATION,324,2559,2,3,0,"PAGINATION: 1 card(s) to delete. Keep criteria: oxford_overlap, n_senses, line_no."
byproducts,UNCLASSIFIED,PAGINATION,2553,328,1,2,0,"PAGINATION: 1 card(s) to delete. Keep criteria: oxford_overlap, n_senses, line_no."
pathways,UNCLASSIFIED,PAGINATION,331,2544,2,3,0,"PAGINATION: 1 card(s) to delete. Keep criteria: oxford_overlap, n_senses, line_no."
perception,B2,PAGINATION,341,2542,1,3,0,"PAGINATION: 1 card(s) to delete. Keep criteria: oxford_overlap, n_senses, line_no."
reinforce,B2,PAGINATION,346,2543,2,3,0,"PAGINATION: 1 card(s) to delete. Keep criteria: oxford_overlap, n_senses, line_no."
standards,UNCLASSIFIED,PAGINATION,2551,2550|2549|353,2,5,2,"PAGINATION: 3 card(s) to delete. Keep criteria: oxford_overlap, n_senses, line_no."
anxiety,B2,PAGINATION,354,2548,3,4,1,"PAGINATION: 1 card(s) to delete. Keep criteria: oxford_overlap, n_senses, line_no."
engage,B2,PAGINATION,387,2554,3,4,1,"PAGINATION: 1 card(s) to delete. Keep criteria: oxford_overlap, n_senses, line_no."
bond,B2,PAGINATION,400,2556|2555,3,7,4,"PAGINATION: 2 card(s) to delete. Keep criteria: oxford_overlap, n_senses, line_no."
extends,UNCLASSIFIED,PAGINATION,2558,402,3,6,3,"PAGINATION: 1 card(s) to delete. Keep criteria: oxford_overlap, n_senses, line_no."
sync,UNCLASSIFIED,PAGINATION,2557,404,2,4,1,"PAGINATION: 1 card(s) to delete. Keep criteria: oxford_overlap, n_senses, line_no."
meandering,UNCLASSIFIED,PAGINATION,420,2562,2,3,0,"PAGINATION: 1 card(s) to delete. Keep criteria: oxford_overlap, n_senses, line_no."
advocate,C1,PAGINATION,439,2563,2,3,0,"PAGINATION: 1 card(s) to delete. Keep criteria: oxford_overlap, n_senses, line_no."
billions,UNCLASSIFIED,PAGINATION,2570,444,1,2,0,"PAGINATION: 1 card(s) to delete. Keep criteria: oxford_overlap, n_senses, line_no."
diminishing,UNCLASSIFIED,PAGINATION,452,2580,2,3,0,"PAGINATION: 1 card(s) to delete. Keep criteria: oxford_overlap, n_senses, line_no."
shifting,UNCLASSIFIED,PAGINATION,2590,2589|2588|466,2,5,2,"PAGINATION: 3 card(s) to delete. Keep criteria: oxford_overlap, n_senses, line_no."
extension,B2,PAGINATION,474,2568|2569,3,8,5,"PAGINATION: 2 card(s) to delete. Keep criteria: oxford_overlap, n_senses, line_no."
breach,C1,PAGINATION,511,2576,3,4,1,"PAGINATION: 1 card(s) to delete. Keep criteria: oxford_overlap, n_senses, line_no."
grace,C1,PAGINATION,512,2575,3,5,2,"PAGINATION: 1 card(s) to delete. Keep criteria: oxford_overlap, n_senses, line_no."
heel,B2,PAGINATION,532,2582,3,4,1,"PAGINATION: 1 card(s) to delete. Keep criteria: oxford_overlap, n_senses, line_no."
imply,B2,PAGINATION,534,2581,2,3,0,"PAGINATION: 1 card(s) to delete. Keep criteria: oxford_overlap, n_senses, line_no."
nerve,B2,PAGINATION,537,2583,3,4,1,"PAGINATION: 1 card(s) to delete. Keep criteria: oxford_overlap, n_senses, line_no."
pile,B2,PAGINATION,545,2584,3,4,1,"PAGINATION: 1 card(s) to delete. Keep criteria: oxford_overlap, n_senses, line_no."
pitch,B2,PAGINATION,546,2586|2585,3,5,2,"PAGINATION: 2 card(s) to delete. Keep criteria: oxford_overlap, n_senses, line_no."
pupil,B2,PAGINATION,548,2587,2,3,0,"PAGINATION: 1 card(s) to delete. Keep criteria: oxford_overlap, n_senses, line_no."
assure,B2,PAGINATION,557,2592,2,4,1,"PAGINATION: 1 card(s) to delete. Keep criteria: oxford_overlap, n_senses, line_no."
comprehensive,B2,PAGINATION,560,2591,2,3,0,"PAGINATION: 1 card(s) to delete. Keep criteria: oxford_overlap, n_senses, line_no."
embrace,B2,PAGINATION,566,2603,2,3,0,"PAGINATION: 1 card(s) to delete. Keep criteria: oxford_overlap, n_senses, line_no."
exceed,B2,PAGINATION,567,2594,2,3,0,"PAGINATION: 1 card(s) to delete. Keep criteria: oxford_overlap, n_senses, line_no."
erupt,B2,PAGINATION,568,2593,3,4,1,"PAGINATION: 1 card(s) to delete. Keep criteria: oxford_overlap, n_senses, line_no."
exploit,B2,PAGINATION,570,2597,2,4,1,"PAGINATION: 1 card(s) to delete. Keep criteria: oxford_overlap, n_senses, line_no."
goodness,B2,PAGINATION,574,2595,3,4,1,"PAGINATION: 1 card(s) to delete. Keep criteria: oxford_overlap, n_senses, line_no."
governor,B2,PAGINATION,575,2596,2,4,1,"PAGINATION: 1 card(s) to delete. Keep criteria: oxford_overlap, n_senses, line_no."
index,B2,PAGINATION,577,2599|2600,3,6,3,"PAGINATION: 2 card(s) to delete. Keep criteria: oxford_overlap, n_senses, line_no."
infer,B2,PAGINATION,578,2602,1,2,0,"PAGINATION: 1 card(s) to delete. Keep criteria: oxford_overlap, n_senses, line_no."
inspector,B2,PAGINATION,579,2601,2,3,0,"PAGINATION: 1 card(s) to delete. Keep criteria: oxford_overlap, n_senses, line_no."
integrate,B2,PAGINATION,580,2598,1,2,0,"PAGINATION: 1 card(s) to delete. Keep criteria: oxford_overlap, n_senses, line_no."
interpretation,B2,PAGINATION,581,2604,1,2,0,"PAGINATION: 1 card(s) to delete. Keep criteria: oxford_overlap, n_senses, line_no."
jury,B2,PAGINATION,584,2605,2,3,0,"PAGINATION: 1 card(s) to delete. Keep criteria: oxford_overlap, n_senses, line_no."
margin,B2,PAGINATION,586,2607,3,5,2,"PAGINATION: 1 card(s) to delete. Keep criteria: oxford_overlap, n_senses, line_no."
miserable,B2,PAGINATION,588,2606,3,4,1,"PAGINATION: 1 card(s) to delete. Keep criteria: oxford_overlap, n_senses, line_no."
orchestra,B2,PAGINATION,594,2608,1,2,0,"PAGINATION: 1 card(s) to delete. Keep criteria: oxford_overlap, n_senses, line_no."
perceive,B2,PAGINATION,595,2609,1,2,0,"PAGINATION: 1 card(s) to delete. Keep criteria: oxford_overlap, n_senses, line_no."
precede,B2,PAGINATION,596,2610,2,3,0,"PAGINATION: 1 card(s) to delete. Keep criteria: oxford_overlap, n_senses, line_no."
proceed,B2,PAGINATION,598,2611,2,3,0,"PAGINATION: 1 card(s) to delete. Keep criteria: oxford_overlap, n_senses, line_no."
spare,C1,PAGINATION,602,2616,3,6,3,"PAGINATION: 1 card(s) to delete. Keep criteria: oxford_overlap, n_senses, line_no."
stroke,B2,PAGINATION,604,2612|2613,3,7,4,"PAGINATION: 2 card(s) to delete. Keep criteria: oxford_overlap, n_senses, line_no."
suspend,B2,PAGINATION,606,2614,2,5,2,"PAGINATION: 1 card(s) to delete. Keep criteria: oxford_overlap, n_senses, line_no."
tap,B2,PAGINATION,607,2617,3,4,1,"PAGINATION: 1 card(s) to delete. Keep criteria: oxford_overlap, n_senses, line_no."
unfold,B2,PAGINATION,611,2615,1,2,0,"PAGINATION: 1 card(s) to delete. Keep criteria: oxford_overlap, n_senses, line_no."
archive,C1,PAGINATION,635,2618,1,2,0,"PAGINATION: 1 card(s) to delete. Keep criteria: oxford_overlap, n_senses, line_no."
array,C1,PAGINATION,638,2619,1,3,0,"PAGINATION: 1 card(s) to delete. Keep criteria: oxford_overlap, n_senses, line_no."
ash,C1,PAGINATION,640,2620,3,5,2,"PAGINATION: 1 card(s) to delete. Keep criteria: oxford_overlap, n_senses, line_no."
backing,C1,PAGINATION,658,2623,2,3,0,"PAGINATION: 1 card(s) to delete. Keep criteria: oxford_overlap, n_senses, line_no."
bail,C1,PAGINATION,659,2622,2,3,0,"PAGINATION: 1 card(s) to delete. Keep criteria: oxford_overlap, n_senses, line_no."
banner,C1,PAGINATION,661,2621,3,4,1,"PAGINATION: 1 card(s) to delete. Keep criteria: oxford_overlap, n_senses, line_no."
beam,C1,PAGINATION,665,2624,3,4,1,"PAGINATION: 1 card(s) to delete. Keep criteria: oxford_overlap, n_senses, line_no."
boundary,C1,PAGINATION,676,2625,2,3,0,"PAGINATION: 1 card(s) to delete. Keep criteria: oxford_overlap, n_senses, line_no."
composition,C1,PAGINATION,704,2626,3,5,2,"PAGINATION: 1 card(s) to delete. Keep criteria: oxford_overlap, n_senses, line_no."
bass,C1,PAGINATION,725,2631,3,4,1,"PAGINATION: 1 card(s) to delete. Keep criteria: oxford_overlap, n_senses, line_no."
bat,C1,PAGINATION,726,2632,1,4,1,"PAGINATION: 1 card(s) to delete. Keep criteria: oxford_overlap, n_senses, line_no."
bay,C1,PAGINATION,727,2627,3,4,1,"PAGINATION: 1 card(s) to delete. Keep criteria: oxford_overlap, n_senses, line_no."
bench,C1,PAGINATION,730,2628,3,4,1,"PAGINATION: 1 card(s) to delete. Keep criteria: oxford_overlap, n_senses, line_no."
bishop,C1,PAGINATION,731,2630,1,2,0,"PAGINATION: 1 card(s) to delete. Keep criteria: oxford_overlap, n_senses, line_no."
blade,C1,PAGINATION,732,2629,3,4,1,"PAGINATION: 1 card(s) to delete. Keep criteria: oxford_overlap, n_senses, line_no."
boom,C1,PAGINATION,736,2634,3,4,1,"PAGINATION: 1 card(s) to delete. Keep criteria: oxford_overlap, n_senses, line_no."
bounce,C1,PAGINATION,737,2633,3,5,2,"PAGINATION: 1 card(s) to delete. Keep criteria: oxford_overlap, n_senses, line_no."
bow,C1,PAGINATION,738,2638,3,4,1,"PAGINATION: 1 card(s) to delete. Keep criteria: oxford_overlap, n_senses, line_no."
buck,C1,PAGINATION,741,2635,3,4,1,"PAGINATION: 1 card(s) to delete. Keep criteria: oxford_overlap, n_senses, line_no."
buffer,C1,PAGINATION,743,2636,3,4,1,"PAGINATION: 1 card(s) to delete. Keep criteria: oxford_overlap, n_senses, line_no."
carve,C1,PAGINATION,752,2637,3,4,1,"PAGINATION: 1 card(s) to delete. Keep criteria: oxford_overlap, n_senses, line_no."
caution,C1,PAGINATION,756,2639,3,4,1,"PAGINATION: 1 card(s) to delete. Keep criteria: oxford_overlap, n_senses, line_no."
chamber,C1,PAGINATION,759,2641,3,4,1,"PAGINATION: 1 card(s) to delete. Keep criteria: oxford_overlap, n_senses, line_no."
charm,C1,PAGINATION,761,2642,3,4,1,"PAGINATION: 1 card(s) to delete. Keep criteria: oxford_overlap, n_senses, line_no."
charter,C1,PAGINATION,762,2640,3,4,1,"PAGINATION: 1 card(s) to delete. Keep criteria: oxford_overlap, n_senses, line_no."
faction,C1,PAGINATION,776,2644,2,3,0,"PAGINATION: 1 card(s) to delete. Keep criteria: oxford_overlap, n_senses, line_no."
faculty,C1,PAGINATION,777,2643,3,4,1,"PAGINATION: 1 card(s) to delete. Keep criteria: oxford_overlap, n_senses, line_no."
filter,C1,PAGINATION,788,2645,3,5,2,"PAGINATION: 1 card(s) to delete. Keep criteria: oxford_overlap, n_senses, line_no."
footage,C1,PAGINATION,800,2646,1,2,0,"PAGINATION: 1 card(s) to delete. Keep criteria: oxford_overlap, n_senses, line_no."
franchise,C1,PAGINATION,808,2648,2,4,1,"PAGINATION: 1 card(s) to delete. Keep criteria: oxford_overlap, n_senses, line_no."
frustrated,C1,PAGINATION,810,2647,3,4,1,"PAGINATION: 1 card(s) to delete. Keep criteria: oxford_overlap, n_senses, line_no."
frustration,C1,PAGINATION,811,2650,2,3,0,"PAGINATION: 1 card(s) to delete. Keep criteria: oxford_overlap, n_senses, line_no."
grasp,C1,PAGINATION,826,2655,2,3,0,"PAGINATION: 1 card(s) to delete. Keep criteria: oxford_overlap, n_senses, line_no."
grave,UNCLASSIFIED,PAGINATION,828,827,1,2,0,"PAGINATION: 1 card(s) to delete. Keep criteria: oxford_overlap, n_senses, line_no."
grief,C1,PAGINATION,831,2651,3,4,1,"PAGINATION: 1 card(s) to delete. Keep criteria: oxford_overlap, n_senses, line_no."
grip,C1,PAGINATION,834,2652,3,4,1,"PAGINATION: 1 card(s) to delete. Keep criteria: oxford_overlap, n_senses, line_no."
gross,C1,PAGINATION,835,2653,3,4,1,"PAGINATION: 1 card(s) to delete. Keep criteria: oxford_overlap, n_senses, line_no."
hail,C1,PAGINATION,840,2654,2,4,1,"PAGINATION: 1 card(s) to delete. Keep criteria: oxford_overlap, n_senses, line_no."
halt,C1,PAGINATION,842,2657,3,4,1,"PAGINATION: 1 card(s) to delete. Keep criteria: oxford_overlap, n_senses, line_no."
handling,C1,PAGINATION,844,2656,3,4,1,"PAGINATION: 1 card(s) to delete. Keep criteria: oxford_overlap, n_senses, line_no."
hook,C1,PAGINATION,2658,859,3,6,3,"PAGINATION: 1 card(s) to delete. Keep criteria: oxford_overlap, n_senses, line_no."
horn,C1,PAGINATION,862,2659,3,4,1,"PAGINATION: 1 card(s) to delete. Keep criteria: oxford_overlap, n_senses, line_no."
indictment,C1,PAGINATION,886,2660,2,3,0,"PAGINATION: 1 card(s) to delete. Keep criteria: oxford_overlap, n_senses, line_no."
induce,C1,PAGINATION,888,2661,2,3,0,"PAGINATION: 1 card(s) to delete. Keep criteria: oxford_overlap, n_senses, line_no."
interference,C1,PAGINATION,922,2662,2,4,1,"PAGINATION: 1 card(s) to delete. Keep criteria: oxford_overlap, n_senses, line_no."
landmark,C1,PAGINATION,946,2663,2,3,0,"PAGINATION: 1 card(s) to delete. Keep criteria: oxford_overlap, n_senses, line_no."
lap,C1,PAGINATION,947,2664,3,4,1,"PAGINATION: 1 card(s) to delete. Keep criteria: oxford_overlap, n_senses, line_no."
legitimate,C1,PAGINATION,961,2665,2,3,0,"PAGINATION: 1 card(s) to delete. Keep criteria: oxford_overlap, n_senses, line_no."
line-up,C1,PAGINATION,975,2668,2,3,0,"PAGINATION: 1 card(s) to delete. Keep criteria: oxford_overlap, n_senses, line_no."
lobby,C1,PAGINATION,979,2666,2,4,1,"PAGINATION: 1 card(s) to delete. Keep criteria: oxford_overlap, n_senses, line_no."
logic,C1,PAGINATION,981,2667,3,4,1,"PAGINATION: 1 card(s) to delete. Keep criteria: oxford_overlap, n_senses, line_no."
loop,C1,PAGINATION,985,2669,3,4,1,"PAGINATION: 1 card(s) to delete. Keep criteria: oxford_overlap, n_senses, line_no."
magnitude,C1,PAGINATION,991,2670,2,3,0,"PAGINATION: 1 card(s) to delete. Keep criteria: oxford_overlap, n_senses, line_no."
maintenance,C1,PAGINATION,994,2671,2,4,1,"PAGINATION: 1 card(s) to delete. Keep criteria: oxford_overlap, n_senses, line_no."
march,C1,PAGINATION,1000,2675,3,4,1,"PAGINATION: 1 card(s) to delete. Keep criteria: oxford_overlap, n_senses, line_no."
marginal,C1,PAGINATION,1001,2672,3,5,2,"PAGINATION: 1 card(s) to delete. Keep criteria: oxford_overlap, n_senses, line_no."
mask,C1,PAGINATION,1004,2674,3,4,1,"PAGINATION: 1 card(s) to delete. Keep criteria: oxford_overlap, n_senses, line_no."
mature,C1,PAGINATION,1007,2673,3,4,1,"PAGINATION: 1 card(s) to delete. Keep criteria: oxford_overlap, n_senses, line_no."
merit,C1,PAGINATION,1023,2676,2,4,1,"PAGINATION: 1 card(s) to delete. Keep criteria: oxford_overlap, n_senses, line_no."
ministry,C1,PAGINATION,1032,2677,1,3,0,"PAGINATION: 1 card(s) to delete. Keep criteria: oxford_overlap, n_senses, line_no."
mob,C1,PAGINATION,1038,2678,3,4,1,"PAGINATION: 1 card(s) to delete. Keep criteria: oxford_overlap, n_senses, line_no."
momentum,C1,PAGINATION,1042,2679,2,3,0,"PAGINATION: 1 card(s) to delete. Keep criteria: oxford_overlap, n_senses, line_no."
niche,C1,PAGINATION,1057,2680,3,4,1,"PAGINATION: 1 card(s) to delete. Keep criteria: oxford_overlap, n_senses, line_no."
nursery,C1,PAGINATION,1071,2681,2,4,1,"PAGINATION: 1 card(s) to delete. Keep criteria: oxford_overlap, n_senses, line_no."
outsider,C1,PAGINATION,1094,2682,2,3,0,"PAGINATION: 1 card(s) to delete. Keep criteria: oxford_overlap, n_senses, line_no."
pad,C1,PAGINATION,1101,2684|2683,3,5,2,"PAGINATION: 2 card(s) to delete. Keep criteria: oxford_overlap, n_senses, line_no."
partial,C1,PAGINATION,1106,2685,2,3,0,"PAGINATION: 1 card(s) to delete. Keep criteria: oxford_overlap, n_senses, line_no."
patch,C1,PAGINATION,1111,2687,3,5,2,"PAGINATION: 1 card(s) to delete. Keep criteria: oxford_overlap, n_senses, line_no."
patron,C1,PAGINATION,1115,2686,2,3,0,"PAGINATION: 1 card(s) to delete. Keep criteria: oxford_overlap, n_senses, line_no."
peak,C1,PAGINATION,1116,2689,3,4,1,"PAGINATION: 1 card(s) to delete. Keep criteria: oxford_overlap, n_senses, line_no."
peculiar,C1,PAGINATION,1118,2688,3,4,1,"PAGINATION: 1 card(s) to delete. Keep criteria: oxford_overlap, n_senses, line_no."
plead,C1,PAGINATION,1131,2690,3,4,1,"PAGINATION: 1 card(s) to delete. Keep criteria: oxford_overlap, n_senses, line_no."
pole,C1,PAGINATION,1135,2691,3,4,1,"PAGINATION: 1 card(s) to delete. Keep criteria: oxford_overlap, n_senses, line_no."
premier,C1,PAGINATION,2692,1153,1,2,0,"PAGINATION: 1 card(s) to delete. Keep criteria: oxford_overlap, n_senses, line_no."
principal,C1,PAGINATION,1169,2695,2,5,2,"PAGINATION: 1 card(s) to delete. Keep criteria: oxford_overlap, n_senses, line_no."
probe,C1,PAGINATION,1172,2693,1,4,1,"PAGINATION: 1 card(s) to delete. Keep criteria: oxford_overlap, n_senses, line_no."
protocol,C1,PAGINATION,1191,2696,3,4,1,"PAGINATION: 1 card(s) to delete. Keep criteria: oxford_overlap, n_senses, line_no."
pulse,C1,PAGINATION,1197,2697,3,4,1,"PAGINATION: 1 card(s) to delete. Keep criteria: oxford_overlap, n_senses, line_no."
pump,C1,PAGINATION,1198,2702,3,5,2,"PAGINATION: 1 card(s) to delete. Keep criteria: oxford_overlap, n_senses, line_no."
punch,C1,PAGINATION,1199,2701,3,4,1,"PAGINATION: 1 card(s) to delete. Keep criteria: oxford_overlap, n_senses, line_no."
rally,C1,PAGINATION,1207,2698,3,4,1,"PAGINATION: 1 card(s) to delete. Keep criteria: oxford_overlap, n_senses, line_no."
rape,C1,PAGINATION,1209,2699,2,3,0,"PAGINATION: 1 card(s) to delete. Keep criteria: oxford_overlap, n_senses, line_no."
ray,C1,PAGINATION,1211,2700,3,4,1,"PAGINATION: 1 card(s) to delete. Keep criteria: oxford_overlap, n_senses, line_no."
rejection,C1,PAGINATION,1231,2703,3,4,1,"PAGINATION: 1 card(s) to delete. Keep criteria: oxford_overlap, n_senses, line_no."
render,C1,PAGINATION,1239,2705,3,4,1,"PAGINATION: 1 card(s) to delete. Keep criteria: oxford_overlap, n_senses, line_no."
representation,C1,PAGINATION,1244,2704,2,3,0,"PAGINATION: 1 card(s) to delete. Keep criteria: oxford_overlap, n_senses, line_no."
restoration,C1,PAGINATION,1256,2708,3,4,1,"PAGINATION: 1 card(s) to delete. Keep criteria: oxford_overlap, n_senses, line_no."
retreat,C1,PAGINATION,1259,2706,3,4,1,"PAGINATION: 1 card(s) to delete. Keep criteria: oxford_overlap, n_senses, line_no."
revival,C1,PAGINATION,1264,2707,2,3,0,"PAGINATION: 1 card(s) to delete. Keep criteria: oxford_overlap, n_senses, line_no."
rip,C1,PAGINATION,1270,2709,3,4,1,"PAGINATION: 1 card(s) to delete. Keep criteria: oxford_overlap, n_senses, line_no."
rock,C1,PAGINATION,2712,1272,2,5,2,"PAGINATION: 1 card(s) to delete. Keep criteria: oxford_overlap, n_senses, line_no."
sack,C1,PAGINATION,1278,2710,2,3,0,"PAGINATION: 1 card(s) to delete. Keep criteria: oxford_overlap, n_senses, line_no."
sanction,C1,PAGINATION,1283,2711,2,3,0,"PAGINATION: 1 card(s) to delete. Keep criteria: oxford_overlap, n_senses, line_no."
screw,C1,PAGINATION,1288,2715,3,4,1,"PAGINATION: 1 card(s) to delete. Keep criteria: oxford_overlap, n_senses, line_no."
segment,C1,PAGINATION,1293,2713,3,4,1,"PAGINATION: 1 card(s) to delete. Keep criteria: oxford_overlap, n_senses, line_no."
settlement,C1,PAGINATION,1303,2714,3,4,1,"PAGINATION: 1 card(s) to delete. Keep criteria: oxford_overlap, n_senses, line_no."
shed,C1,PAGINATION,1308,2716,3,4,1,"PAGINATION: 1 card(s) to delete. Keep criteria: oxford_overlap, n_senses, line_no."
shipping,C1,PAGINATION,1310,2717,2,3,0,"PAGINATION: 1 card(s) to delete. Keep criteria: oxford_overlap, n_senses, line_no."
shrink,C1,PAGINATION,1312,2718,3,4,1,"PAGINATION: 1 card(s) to delete. Keep criteria: oxford_overlap, n_senses, line_no."
sketch,C1,PAGINATION,1319,2719,2,3,0,"PAGINATION: 1 card(s) to delete. Keep criteria: oxford_overlap, n_senses, line_no."
slam,C1,PAGINATION,1321,2720,3,4,1,"PAGINATION: 1 card(s) to delete. Keep criteria: oxford_overlap, n_senses, line_no."
snap,C1,PAGINATION,1327,2721,3,5,2,"PAGINATION: 1 card(s) to delete. Keep criteria: oxford_overlap, n_senses, line_no."
spam,C1,PAGINATION,1338,2722,1,2,0,"PAGINATION: 1 card(s) to delete. Keep criteria: oxford_overlap, n_senses, line_no."
span,C1,PAGINATION,1339,2725,3,4,1,"PAGINATION: 1 card(s) to delete. Keep criteria: oxford_overlap, n_senses, line_no."
spin,C1,PAGINATION,1345,2729,3,4,1,"PAGINATION: 1 card(s) to delete. Keep criteria: oxford_overlap, n_senses, line_no."
spine,C1,PAGINATION,1346,2723,3,5,2,"PAGINATION: 1 card(s) to delete. Keep criteria: oxford_overlap, n_senses, line_no."
stake,C1,PAGINATION,1355,2724,3,6,3,"PAGINATION: 1 card(s) to delete. Keep criteria: oxford_overlap, n_senses, line_no."
stir,C1,PAGINATION,1363,2728,3,5,2,"PAGINATION: 1 card(s) to delete. Keep criteria: oxford_overlap, n_senses, line_no."
strain,C1,PAGINATION,1366,2727,3,4,1,"PAGINATION: 1 card(s) to delete. Keep criteria: oxford_overlap, n_senses, line_no."
strand,C1,PAGINATION,1367,2726,2,3,0,"PAGINATION: 1 card(s) to delete. Keep criteria: oxford_overlap, n_senses, line_no."
strip,C1,PAGINATION,1370,1369,3,5,2,"PAGINATION: 1 card(s) to delete. Keep criteria: oxford_overlap, n_senses, line_no."
stumble,C1,PAGINATION,1373,2733,2,3,0,"PAGINATION: 1 card(s) to delete. Keep criteria: oxford_overlap, n_senses, line_no."
suburban,C1,PAGINATION,1384,2732,1,2,0,"PAGINATION: 1 card(s) to delete. Keep criteria: oxford_overlap, n_senses, line_no."
suite,C1,PAGINATION,1391,2735,2,4,1,"PAGINATION: 1 card(s) to delete. Keep criteria: oxford_overlap, n_senses, line_no."
supplement,C1,PAGINATION,1398,2736,3,4,1,"PAGINATION: 1 card(s) to delete. Keep criteria: oxford_overlap, n_senses, line_no."
suspension,C1,PAGINATION,1406,2737,2,4,1,"PAGINATION: 1 card(s) to delete. Keep criteria: oxford_overlap, n_senses, line_no."
swing,C1,PAGINATION,1409,2743,3,4,1,"PAGINATION: 1 card(s) to delete. Keep criteria: oxford_overlap, n_senses, line_no."
syndrome,C1,PAGINATION,1412,2738,1,2,0,"PAGINATION: 1 card(s) to delete. Keep criteria: oxford_overlap, n_senses, line_no."
tackle,C1,PAGINATION,1414,2741|2742,1,4,1,"PAGINATION: 2 card(s) to delete. Keep criteria: oxford_overlap, n_senses, line_no."
tenure,C1,PAGINATION,1421,2739,2,3,0,"PAGINATION: 1 card(s) to delete. Keep criteria: oxford_overlap, n_senses, line_no."
terminal,C1,PAGINATION,1422,2744,3,4,1,"PAGINATION: 1 card(s) to delete. Keep criteria: oxford_overlap, n_senses, line_no."
terminate,C1,PAGINATION,1423,2740,1,2,0,"PAGINATION: 1 card(s) to delete. Keep criteria: oxford_overlap, n_senses, line_no."
timber,C1,PAGINATION,1441,2745,3,4,1,"PAGINATION: 1 card(s) to delete. Keep criteria: oxford_overlap, n_senses, line_no."
toll,C1,PAGINATION,1445,2746,3,4,1,"PAGINATION: 1 card(s) to delete. Keep criteria: oxford_overlap, n_senses, line_no."
trace,C1,PAGINATION,1450,2749,2,5,2,"PAGINATION: 1 card(s) to delete. Keep criteria: oxford_overlap, n_senses, line_no."
transcript,C1,PAGINATION,1455,2747,1,2,0,"PAGINATION: 1 card(s) to delete. Keep criteria: oxford_overlap, n_senses, line_no."
trauma,C1,PAGINATION,1460,2748,2,3,0,"PAGINATION: 1 card(s) to delete. Keep criteria: oxford_overlap, n_senses, line_no."
trio,C1,PAGINATION,1466,2750,2,3,0,"PAGINATION: 1 card(s) to delete. Keep criteria: oxford_overlap, n_senses, line_no."
utility,C1,PAGINATION,1483,2752,2,3,0,"PAGINATION: 1 card(s) to delete. Keep criteria: oxford_overlap, n_senses, line_no."
verse,C1,PAGINATION,1494,2753,3,4,1,"PAGINATION: 1 card(s) to delete. Keep criteria: oxford_overlap, n_senses, line_no."
warrior,C1,PAGINATION,1510,2754,1,2,0,"PAGINATION: 1 card(s) to delete. Keep criteria: oxford_overlap, n_senses, line_no."
weed,C1,PAGINATION,1513,2755,3,5,2,"PAGINATION: 1 card(s) to delete. Keep criteria: oxford_overlap, n_senses, line_no."
whip,C1,PAGINATION,1518,2756,3,4,1,"PAGINATION: 1 card(s) to delete. Keep criteria: oxford_overlap, n_senses, line_no."
wit,C1,PAGINATION,1525,2757,3,4,1,"PAGINATION: 1 card(s) to delete. Keep criteria: oxford_overlap, n_senses, line_no."
ward,C1,PAGINATION,1532,2758,2,3,0,"PAGINATION: 1 card(s) to delete. Keep criteria: oxford_overlap, n_senses, line_no."
circuit,B2,PAGINATION,1541,2760,3,4,1,"PAGINATION: 1 card(s) to delete. Keep criteria: oxford_overlap, n_senses, line_no."
colony,B2,PAGINATION,1544,2759,3,4,1,"PAGINATION: 1 card(s) to delete. Keep criteria: oxford_overlap, n_senses, line_no."
cue,B2,PAGINATION,1545,2761,3,4,1,"PAGINATION: 1 card(s) to delete. Keep criteria: oxford_overlap, n_senses, line_no."
critically,B2,PAGINATION,1546,2763,3,4,1,"PAGINATION: 1 card(s) to delete. Keep criteria: oxford_overlap, n_senses, line_no."
differ,B2,PAGINATION,1548,2764,3,4,1,"PAGINATION: 1 card(s) to delete. Keep criteria: oxford_overlap, n_senses, line_no."
dot,B2,PAGINATION,1550,2762,3,4,1,"PAGINATION: 1 card(s) to delete. Keep criteria: oxford_overlap, n_senses, line_no."
dull,B2,PAGINATION,1552,2765,3,6,3,"PAGINATION: 1 card(s) to delete. Keep criteria: oxford_overlap, n_senses, line_no."
fond,B2,PAGINATION,1555,2767,3,5,2,"PAGINATION: 1 card(s) to delete. Keep criteria: oxford_overlap, n_senses, line_no."
furious,B2,PAGINATION,1556,2766,1,2,0,"PAGINATION: 1 card(s) to delete. Keep criteria: oxford_overlap, n_senses, line_no."
incentive,B2,PAGINATION,1558,2769,1,2,0,"PAGINATION: 1 card(s) to delete. Keep criteria: oxford_overlap, n_senses, line_no."
implication,B2,PAGINATION,1559,2768,2,3,0,"PAGINATION: 1 card(s) to delete. Keep criteria: oxford_overlap, n_senses, line_no."
stall,B2,PAGINATION,1565,2770,3,5,2,"PAGINATION: 1 card(s) to delete. Keep criteria: oxford_overlap, n_senses, line_no."
parade,B2,PAGINATION,1567,2771,3,4,1,"PAGINATION: 1 card(s) to delete. Keep criteria: oxford_overlap, n_senses, line_no."
offender,B2,PAGINATION,1568,2772,1,2,0,"PAGINATION: 1 card(s) to delete. Keep criteria: oxford_overlap, n_senses, line_no."
reckon,B2,PAGINATION,1569,1639,3,4,1,"PAGINATION: 1 card(s) to delete. Keep criteria: oxford_overlap, n_senses, line_no."
prompt,B2,PAGINATION,1571,2774|2773,1,3,0,"PAGINATION: 2 card(s) to delete. Keep criteria: oxford_overlap, n_senses, line_no."
choir,B2,PAGINATION,1575,2775,2,3,0,"PAGINATION: 1 card(s) to delete. Keep criteria: oxford_overlap, n_senses, line_no."
commander,B2,PAGINATION,1576,2777|2776,1,3,0,"PAGINATION: 2 card(s) to delete. Keep criteria: oxford_overlap, n_senses, line_no."
approximate,UNCLASSIFIED,PAGINATION,1582,1629,2,3,0,"PAGINATION: 1 card(s) to delete. Keep criteria: oxford_overlap, n_senses, line_no."
orient,UNCLASSIFIED,MIXED,1616,1617,3,3,0,"MIXED: 1 cards share some senses. Manual merge needed — auto-dedup will lose senses. Total unique=3, Sense Cap = 3."
bat,B2,PAGINATION,1630,2790,3,4,1,"PAGINATION: 1 card(s) to delete. Keep criteria: oxford_overlap, n_senses, line_no."
hook,B2,PAGINATION,1631,2796,3,4,1,"PAGINATION: 1 card(s) to delete. Keep criteria: oxford_overlap, n_senses, line_no."
intellectual,B2,PAGINATION,1632,2791,1,2,0,"PAGINATION: 1 card(s) to delete. Keep criteria: oxford_overlap, n_senses, line_no."
tackle,B2,PAGINATION,1635,2792,2,5,2,"PAGINATION: 1 card(s) to delete. Keep criteria: oxford_overlap, n_senses, line_no."
terminal,B2,PAGINATION,1636,2794,3,4,1,"PAGINATION: 1 card(s) to delete. Keep criteria: oxford_overlap, n_senses, line_no."
trace,B2,PAGINATION,1637,2793,3,6,3,"PAGINATION: 1 card(s) to delete. Keep criteria: oxford_overlap, n_senses, line_no."
absorb,B2,PAGINATION,1644,2797,3,6,3,"PAGINATION: 1 card(s) to delete. Keep criteria: oxford_overlap, n_senses, line_no."
academy,C1,PAGINATION,1649,2799,2,5,2,"PAGINATION: 1 card(s) to delete. Keep criteria: oxford_overlap, n_senses, line_no."
accommodate,B2,PAGINATION,1653,2800,3,5,2,"PAGINATION: 1 card(s) to delete. Keep criteria: oxford_overlap, n_senses, line_no."
ally,C1,PAGINATION,1693,2801,3,4,1,"PAGINATION: 1 card(s) to delete. Keep criteria: oxford_overlap, n_senses, line_no."
ancestor,B2,PAGINATION,1702,2802,1,3,0,"PAGINATION: 1 card(s) to delete. Keep criteria: oxford_overlap, n_senses, line_no."
angel,C1,PAGINATION,1704,2803,3,4,1,"PAGINATION: 1 card(s) to delete. Keep criteria: oxford_overlap, n_senses, line_no."
apology,B2,PAGINATION,1709,2804,2,3,0,"PAGINATION: 1 card(s) to delete. Keep criteria: oxford_overlap, n_senses, line_no."
aside,B2,PAGINATION,1716,2805,2,3,0,"PAGINATION: 1 card(s) to delete. Keep criteria: oxford_overlap, n_senses, line_no."
assign,B2,PAGINATION,1718,2806|2807,3,6,3,"PAGINATION: 2 card(s) to delete. Keep criteria: oxford_overlap, n_senses, line_no."
attachment,B2,PAGINATION,1720,2809,3,5,2,"PAGINATION: 1 card(s) to delete. Keep criteria: oxford_overlap, n_senses, line_no."
automatic,B2,PAGINATION,1723,2808,2,3,0,"PAGINATION: 1 card(s) to delete. Keep criteria: oxford_overlap, n_senses, line_no."
automatically,B2,PAGINATION,1724,2811,2,3,0,"PAGINATION: 1 card(s) to delete. Keep criteria: oxford_overlap, n_senses, line_no."
awkward,B2,PAGINATION,1726,2810,3,5,2,"PAGINATION: 1 card(s) to delete. Keep criteria: oxford_overlap, n_senses, line_no."
barely,B2,PAGINATION,1731,2812,2,4,1,"PAGINATION: 1 card(s) to delete. Keep criteria: oxford_overlap, n_senses, line_no."
bid,B2,PAGINATION,1738,2815,3,4,1,"PAGINATION: 1 card(s) to delete. Keep criteria: oxford_overlap, n_senses, line_no."
blanket,B2,PAGINATION,1739,2813,1,2,0,"PAGINATION: 1 card(s) to delete. Keep criteria: oxford_overlap, n_senses, line_no."
booking,B2,PAGINATION,1742,2816,2,3,0,"PAGINATION: 1 card(s) to delete. Keep criteria: oxford_overlap, n_senses, line_no."
bound,B2,PAGINATION,1744,2814,3,4,1,"PAGINATION: 1 card(s) to delete. Keep criteria: oxford_overlap, n_senses, line_no."
bug,B2,PAGINATION,1749,2819,3,5,2,"PAGINATION: 1 card(s) to delete. Keep criteria: oxford_overlap, n_senses, line_no."
cabin,B2,PAGINATION,1750,2817,2,3,0,"PAGINATION: 1 card(s) to delete. Keep criteria: oxford_overlap, n_senses, line_no."
canal,B2,PAGINATION,1751,2818,1,2,0,"PAGINATION: 1 card(s) to delete. Keep criteria: oxford_overlap, n_senses, line_no."
casual,B2,PAGINATION,1754,2821,1,4,1,"PAGINATION: 1 card(s) to delete. Keep criteria: oxford_overlap, n_senses, line_no."
certainty,B2,PAGINATION,1756,2820,1,2,0,"PAGINATION: 1 card(s) to delete. Keep criteria: oxford_overlap, n_senses, line_no."
challenging,B2,PAGINATION,1758,2822,1,2,0,"PAGINATION: 1 card(s) to delete. Keep criteria: oxford_overlap, n_senses, line_no."
charming,B2,PAGINATION,1760,2823,1,2,0,"PAGINATION: 1 card(s) to delete. Keep criteria: oxford_overlap, n_senses, line_no."
cheek,B2,PAGINATION,1762,2824,3,4,1,"PAGINATION: 1 card(s) to delete. Keep criteria: oxford_overlap, n_senses, line_no."
clip,B2,PAGINATION,1767,2825,3,4,1,"PAGINATION: 1 card(s) to delete. Keep criteria: oxford_overlap, n_senses, line_no."
collision,C1,PAGINATION,1771,2826,2,4,1,"PAGINATION: 1 card(s) to delete. Keep criteria: oxford_overlap, n_senses, line_no."
colonial,C1,PAGINATION,1772,2827,1,2,0,"PAGINATION: 1 card(s) to delete. Keep criteria: oxford_overlap, n_senses, line_no."
colourful,B2,PAGINATION,1773,2828,1,2,0,"PAGINATION: 1 card(s) to delete. Keep criteria: oxford_overlap, n_senses, line_no."
commissioner,C1,PAGINATION,1780,2829,2,4,1,"PAGINATION: 1 card(s) to delete. Keep criteria: oxford_overlap, n_senses, line_no."
compose,B2,PAGINATION,1789,2830,2,4,1,"PAGINATION: 1 card(s) to delete. Keep criteria: oxford_overlap, n_senses, line_no."
concession,C1,PAGINATION,1797,2834,3,4,1,"PAGINATION: 1 card(s) to delete. Keep criteria: oxford_overlap, n_senses, line_no."
concrete,B2,PAGINATION,1798,2831,2,3,0,"PAGINATION: 1 card(s) to delete. Keep criteria: oxford_overlap, n_senses, line_no."
configuration,C1,PAGINATION,1800,2832,1,2,0,"PAGINATION: 1 card(s) to delete. Keep criteria: oxford_overlap, n_senses, line_no."
confirmation,C1,PAGINATION,1801,2833,1,3,0,"PAGINATION: 1 card(s) to delete. Keep criteria: oxford_overlap, n_senses, line_no."
conservation,B2,PAGINATION,1810,2835,1,3,0,"PAGINATION: 1 card(s) to delete. Keep criteria: oxford_overlap, n_senses, line_no."
consumption,B2,PAGINATION,1822,2836,2,3,0,"PAGINATION: 1 card(s) to delete. Keep criteria: oxford_overlap, n_senses, line_no."
contempt,C1,PAGINATION,1823,2837,3,4,1,"PAGINATION: 1 card(s) to delete. Keep criteria: oxford_overlap, n_senses, line_no."
convention,B2,PAGINATION,1833,2839,2,4,1,"PAGINATION: 1 card(s) to delete. Keep criteria: oxford_overlap, n_senses, line_no."
conventional,B2,PAGINATION,1834,2838,3,4,1,"PAGINATION: 1 card(s) to delete. Keep criteria: oxford_overlap, n_senses, line_no."
coordinate,C1,PAGINATION,1839,2840,2,3,0,"PAGINATION: 1 card(s) to delete. Keep criteria: oxford_overlap, n_senses, line_no."
copper,C1,PAGINATION,1843,2842,2,3,0,"PAGINATION: 1 card(s) to delete. Keep criteria: oxford_overlap, n_senses, line_no."
corporation,B2,PAGINATION,1845,2841,2,3,0,"PAGINATION: 1 card(s) to delete. Keep criteria: oxford_overlap, n_senses, line_no."
corridor,B2,PAGINATION,1852,2843,3,4,1,"PAGINATION: 1 card(s) to delete. Keep criteria: oxford_overlap, n_senses, line_no."
counter (long flat surface),B2,PAGINATION,1857,2845,3,4,1,"PAGINATION: 1 card(s) to delete. Keep criteria: oxford_overlap, n_senses, line_no."
coverage,B2,PAGINATION,1862,2846,3,4,1,"PAGINATION: 1 card(s) to delete. Keep criteria: oxford_overlap, n_senses, line_no."
crack,B2,PAGINATION,1863,2850,3,5,2,"PAGINATION: 1 card(s) to delete. Keep criteria: oxford_overlap, n_senses, line_no."
crawl,C1,PAGINATION,1865,2847,3,4,1,"PAGINATION: 1 card(s) to delete. Keep criteria: oxford_overlap, n_senses, line_no."
crown,C1,PAGINATION,1871,2848,3,6,3,"PAGINATION: 1 card(s) to delete. Keep criteria: oxford_overlap, n_senses, line_no."
cutting,C1,PAGINATION,1880,2849,2,3,0,"PAGINATION: 1 card(s) to delete. Keep criteria: oxford_overlap, n_senses, line_no."
dare,B2,PAGINATION,1884,2851,3,4,1,"PAGINATION: 1 card(s) to delete. Keep criteria: oxford_overlap, n_senses, line_no."
deadly,B2,PAGINATION,1889,2852,3,4,1,"PAGINATION: 1 card(s) to delete. Keep criteria: oxford_overlap, n_senses, line_no."
dealer,B2,PAGINATION,1890,2853,2,3,0,"PAGINATION: 1 card(s) to delete. Keep criteria: oxford_overlap, n_senses, line_no."
deck,B2,PAGINATION,1895,2855|2854,3,7,4,"PAGINATION: 2 card(s) to delete. Keep criteria: oxford_overlap, n_senses, line_no."
deed,C1,PAGINATION,1898,2859,2,3,0,"PAGINATION: 1 card(s) to delete. Keep criteria: oxford_overlap, n_senses, line_no."
default,C1,PAGINATION,1900,2856,3,4,1,"PAGINATION: 1 card(s) to delete. Keep criteria: oxford_overlap, n_senses, line_no."
democracy,B2,PAGINATION,1909,2858,2,3,0,"PAGINATION: 1 card(s) to delete. Keep criteria: oxford_overlap, n_senses, line_no."
demonstration,B2,PAGINATION,1912,2857,3,4,1,"PAGINATION: 1 card(s) to delete. Keep criteria: oxford_overlap, n_senses, line_no."
dense,C1,PAGINATION,1915,2860,3,4,1,"PAGINATION: 1 card(s) to delete. Keep criteria: oxford_overlap, n_senses, line_no."
depression,B2,PAGINATION,1924,2862|2861,3,5,2,"PAGINATION: 2 card(s) to delete. Keep criteria: oxford_overlap, n_senses, line_no."
deputy,C1,PAGINATION,1926,2865,2,3,0,"PAGINATION: 1 card(s) to delete. Keep criteria: oxford_overlap, n_senses, line_no."
descent,C1,PAGINATION,1929,2866,2,3,0,"PAGINATION: 1 card(s) to delete. Keep criteria: oxford_overlap, n_senses, line_no."
dip,C1,PAGINATION,1953,2867,3,4,1,"PAGINATION: 1 card(s) to delete. Keep criteria: oxford_overlap, n_senses, line_no."
directory,C1,PAGINATION,1956,2868,2,3,0,"PAGINATION: 1 card(s) to delete. Keep criteria: oxford_overlap, n_senses, line_no."
disagreement,B2,PAGINATION,1959,2869,1,2,0,"PAGINATION: 1 card(s) to delete. Keep criteria: oxford_overlap, n_senses, line_no."
discharge,C1,PAGINATION,1964,2870,3,4,1,"PAGINATION: 1 card(s) to delete. Keep criteria: oxford_overlap, n_senses, line_no."
dismissal,C1,PAGINATION,1970,2872,3,4,1,"PAGINATION: 1 card(s) to delete. Keep criteria: oxford_overlap, n_senses, line_no."
disorder,B2,PAGINATION,1971,2871,1,3,0,"PAGINATION: 1 card(s) to delete. Keep criteria: oxford_overlap, n_senses, line_no."
disrupt,C1,PAGINATION,1976,2875,1,2,0,"PAGINATION: 1 card(s) to delete. Keep criteria: oxford_overlap, n_senses, line_no."
disruption,C1,PAGINATION,1977,2873,1,2,0,"PAGINATION: 1 card(s) to delete. Keep criteria: oxford_overlap, n_senses, line_no."
dissolve,C1,PAGINATION,1978,2874,3,4,1,"PAGINATION: 1 card(s) to delete. Keep criteria: oxford_overlap, n_senses, line_no."
distant,B2,PAGINATION,1979,2876,3,4,1,"PAGINATION: 1 card(s) to delete. Keep criteria: oxford_overlap, n_senses, line_no."
disturb,B2,PAGINATION,1985,2877,3,4,1,"PAGINATION: 1 card(s) to delete. Keep criteria: oxford_overlap, n_senses, line_no."
domain,C1,PAGINATION,1995,2878,3,4,1,"PAGINATION: 1 card(s) to delete. Keep criteria: oxford_overlap, n_senses, line_no."
donation,B2,PAGINATION,1997,2879,1,2,0,"PAGINATION: 1 card(s) to delete. Keep criteria: oxford_overlap, n_senses, line_no."
dump,B2,PAGINATION,2009,2880,3,5,2,"PAGINATION: 1 card(s) to delete. Keep criteria: oxford_overlap, n_senses, line_no."
dynamic,B2,PAGINATION,2012,2881,3,4,1,"PAGINATION: 1 card(s) to delete. Keep criteria: oxford_overlap, n_senses, line_no."
echo,C1,PAGINATION,2016,2885,2,3,0,"PAGINATION: 1 card(s) to delete. Keep criteria: oxford_overlap, n_senses, line_no."
economics,B2,PAGINATION,2018,2882,1,2,0,"PAGINATION: 1 card(s) to delete. Keep criteria: oxford_overlap, n_senses, line_no."
elementary,B2,PAGINATION,2029,2884,1,3,0,"PAGINATION: 1 card(s) to delete. Keep criteria: oxford_overlap, n_senses, line_no."
elevate,C1,PAGINATION,2030,2886,3,4,1,"PAGINATION: 1 card(s) to delete. Keep criteria: oxford_overlap, n_senses, line_no."
eligible,C1,PAGINATION,2031,2883,1,2,0,"PAGINATION: 1 card(s) to delete. Keep criteria: oxford_overlap, n_senses, line_no."
embed,C1,PAGINATION,2036,2887,2,3,0,"PAGINATION: 1 card(s) to delete. Keep criteria: oxford_overlap, n_senses, line_no."
empire,B2,PAGINATION,2041,2889,2,3,0,"PAGINATION: 1 card(s) to delete. Keep criteria: oxford_overlap, n_senses, line_no."
enact,C1,PAGINATION,2044,2888,3,4,1,"PAGINATION: 1 card(s) to delete. Keep criteria: oxford_overlap, n_senses, line_no."
engagement,C1,PAGINATION,2055,2890,3,4,1,"PAGINATION: 1 card(s) to delete. Keep criteria: oxford_overlap, n_senses, line_no."
envelope,B2,PAGINATION,2066,2891,3,4,1,"PAGINATION: 1 card(s) to delete. Keep criteria: oxford_overlap, n_senses, line_no."
execute,C1,PAGINATION,2088,2892,3,4,1,"PAGINATION: 1 card(s) to delete. Keep criteria: oxford_overlap, n_senses, line_no."
exit,B2,PAGINATION,2092,2893,2,4,1,"PAGINATION: 1 card(s) to delete. Keep criteria: oxford_overlap, n_senses, line_no."
explosive,C1,PAGINATION,2099,2894,3,4,1,"PAGINATION: 1 card(s) to delete. Keep criteria: oxford_overlap, n_senses, line_no."
exposure,B2,PAGINATION,2100,2895,3,5,2,"PAGINATION: 1 card(s) to delete. Keep criteria: oxford_overlap, n_senses, line_no."
extract,B2,PAGINATION,2102,2896,1,2,0,"PAGINATION: 1 card(s) to delete. Keep criteria: oxford_overlap, n_senses, line_no."
fabric,B2,PAGINATION,2104,2898|2897,1,3,0,"PAGINATION: 2 card(s) to delete. Keep criteria: oxford_overlap, n_senses, line_no."
fantasy,B2,PAGINATION,2108,2899,3,4,1,"PAGINATION: 1 card(s) to delete. Keep criteria: oxford_overlap, n_senses, line_no."
flavour,B2,PAGINATION,2113,2900,3,4,1,"PAGINATION: 1 card(s) to delete. Keep criteria: oxford_overlap, n_senses, line_no."
fool,B2,PAGINATION,2114,2902,3,4,1,"PAGINATION: 1 card(s) to delete. Keep criteria: oxford_overlap, n_senses, line_no."
formation,B2,PAGINATION,2117,2901,2,3,0,"PAGINATION: 1 card(s) to delete. Keep criteria: oxford_overlap, n_senses, line_no."
freely,B2,PAGINATION,2123,2903,3,4,1,"PAGINATION: 1 card(s) to delete. Keep criteria: oxford_overlap, n_senses, line_no."
fulfil,B2,PAGINATION,2125,2904,3,4,1,"PAGINATION: 1 card(s) to delete. Keep criteria: oxford_overlap, n_senses, line_no."
gender,B2,PAGINATION,2129,2905,1,2,0,"PAGINATION: 1 card(s) to delete. Keep criteria: oxford_overlap, n_senses, line_no."
gesture,B2,PAGINATION,2134,2906,1,2,0,"PAGINATION: 1 card(s) to delete. Keep criteria: oxford_overlap, n_senses, line_no."
graphic,B2,PAGINATION,2139,2907,1,2,0,"PAGINATION: 1 card(s) to delete. Keep criteria: oxford_overlap, n_senses, line_no."
grave (serious),C1,PAGINATION,2908,2142,1,2,0,"PAGINATION: 1 card(s) to delete. Keep criteria: oxford_overlap, n_senses, line_no."
highway,B2,PAGINATION,2156,2909,3,4,1,"PAGINATION: 1 card(s) to delete. Keep criteria: oxford_overlap, n_senses, line_no."
hopefully,B2,PAGINATION,2161,2910,1,2,0,"PAGINATION: 1 card(s) to delete. Keep criteria: oxford_overlap, n_senses, line_no."
hunger,B2,PAGINATION,2162,2911,2,3,0,"PAGINATION: 1 card(s) to delete. Keep criteria: oxford_overlap, n_senses, line_no."
icon,B2,PAGINATION,2163,2913,2,3,0,"PAGINATION: 1 card(s) to delete. Keep criteria: oxford_overlap, n_senses, line_no."
immune,B2,PAGINATION,2167,2912,1,3,0,"PAGINATION: 1 card(s) to delete. Keep criteria: oxford_overlap, n_senses, line_no."
inherit,B2,PAGINATION,2177,2915,2,3,0,"PAGINATION: 1 card(s) to delete. Keep criteria: oxford_overlap, n_senses, line_no."
ink,B2,PAGINATION,2178,2914,1,2,0,"PAGINATION: 1 card(s) to delete. Keep criteria: oxford_overlap, n_senses, line_no."
installation,B2,PAGINATION,2182,2918|2917,3,5,2,"PAGINATION: 2 card(s) to delete. Keep criteria: oxford_overlap, n_senses, line_no."
interact,B2,PAGINATION,2185,2919,1,2,0,"PAGINATION: 1 card(s) to delete. Keep criteria: oxford_overlap, n_senses, line_no."
interaction,B2,PAGINATION,2186,2923,1,2,0,"PAGINATION: 1 card(s) to delete. Keep criteria: oxford_overlap, n_senses, line_no."
interval,B2,PAGINATION,2187,2916,3,5,2,"PAGINATION: 1 card(s) to delete. Keep criteria: oxford_overlap, n_senses, line_no."
invade,B2,PAGINATION,2188,2920,1,3,0,"PAGINATION: 1 card(s) to delete. Keep criteria: oxford_overlap, n_senses, line_no."
invasion,B2,PAGINATION,2189,2924,1,3,0,"PAGINATION: 1 card(s) to delete. Keep criteria: oxford_overlap, n_senses, line_no."
isolate,B2,PAGINATION,2191,2921,2,3,0,"PAGINATION: 1 card(s) to delete. Keep criteria: oxford_overlap, n_senses, line_no."
isolated,B2,PAGINATION,2192,2922,2,3,0,"PAGINATION: 1 card(s) to delete. Keep criteria: oxford_overlap, n_senses, line_no."
ladder,B2,PAGINATION,2197,2926,3,4,1,"PAGINATION: 1 card(s) to delete. Keep criteria: oxford_overlap, n_senses, line_no."
landing,B2,PAGINATION,2198,2925,3,4,1,"PAGINATION: 1 card(s) to delete. Keep criteria: oxford_overlap, n_senses, line_no."
lane,B2,PAGINATION,2199,2927,3,5,2,"PAGINATION: 1 card(s) to delete. Keep criteria: oxford_overlap, n_senses, line_no."
legend,B2,PAGINATION,2201,2928,3,4,1,"PAGINATION: 1 card(s) to delete. Keep criteria: oxford_overlap, n_senses, line_no."
lens,B2,PAGINATION,2202,2929,3,4,1,"PAGINATION: 1 card(s) to delete. Keep criteria: oxford_overlap, n_senses, line_no."
literally,B2,PAGINATION,2207,2931,1,3,0,"PAGINATION: 1 card(s) to delete. Keep criteria: oxford_overlap, n_senses, line_no."
literary,B2,PAGINATION,2208,2930,1,3,0,"PAGINATION: 1 card(s) to delete. Keep criteria: oxford_overlap, n_senses, line_no."
litter,B2,PAGINATION,2210,2932,3,5,2,"PAGINATION: 1 card(s) to delete. Keep criteria: oxford_overlap, n_senses, line_no."
make-up,B2,PAGINATION,2215,2943|2944,1,4,1,"PAGINATION: 2 card(s) to delete. Keep criteria: oxford_overlap, n_senses, line_no."
manufacture,B2,PAGINATION,2217,2933,2,3,0,"PAGINATION: 1 card(s) to delete. Keep criteria: oxford_overlap, n_senses, line_no."
marathon,B2,PAGINATION,2219,2941,1,2,0,"PAGINATION: 1 card(s) to delete. Keep criteria: oxford_overlap, n_senses, line_no."
marker,B2,PAGINATION,2220,2935,3,4,1,"PAGINATION: 1 card(s) to delete. Keep criteria: oxford_overlap, n_senses, line_no."
mate,B2,PAGINATION,2222,2934,3,4,1,"PAGINATION: 1 card(s) to delete. Keep criteria: oxford_overlap, n_senses, line_no."
mechanic,B2,PAGINATION,2224,2936,3,4,1,"PAGINATION: 1 card(s) to delete. Keep criteria: oxford_overlap, n_senses, line_no."
mechanical,B2,PAGINATION,2225,2937,3,4,1,"PAGINATION: 1 card(s) to delete. Keep criteria: oxford_overlap, n_senses, line_no."
membership,B2,PAGINATION,2228,2939,1,2,0,"PAGINATION: 1 card(s) to delete. Keep criteria: oxford_overlap, n_senses, line_no."
mode,B2,PAGINATION,2231,2938,3,4,1,"PAGINATION: 1 card(s) to delete. Keep criteria: oxford_overlap, n_senses, line_no."
modest,B2,PAGINATION,2232,2940,2,3,0,"PAGINATION: 1 card(s) to delete. Keep criteria: oxford_overlap, n_senses, line_no."
monster,B2,PAGINATION,2233,2942,2,4,1,"PAGINATION: 1 card(s) to delete. Keep criteria: oxford_overlap, n_senses, line_no."
motion,B2,PAGINATION,2236,2946,3,5,2,"PAGINATION: 1 card(s) to delete. Keep criteria: oxford_overlap, n_senses, line_no."
naked,B2,PAGINATION,2239,2945,3,5,2,"PAGINATION: 1 card(s) to delete. Keep criteria: oxford_overlap, n_senses, line_no."
navigation,B2,PAGINATION,2240,2947,1,3,0,"PAGINATION: 1 card(s) to delete. Keep criteria: oxford_overlap, n_senses, line_no."
necessity,B2,PAGINATION,2242,2950,3,4,1,"PAGINATION: 1 card(s) to delete. Keep criteria: oxford_overlap, n_senses, line_no."
neutral,B2,PAGINATION,2245,2951,3,5,2,"PAGINATION: 1 card(s) to delete. Keep criteria: oxford_overlap, n_senses, line_no."
norm,B2,PAGINATION,2246,2948,1,3,0,"PAGINATION: 1 card(s) to delete. Keep criteria: oxford_overlap, n_senses, line_no."
nutrition,B2,PAGINATION,2250,2949,1,2,0,"PAGINATION: 1 card(s) to delete. Keep criteria: oxford_overlap, n_senses, line_no."
observer,B2,PAGINATION,2252,2952,2,3,0,"PAGINATION: 1 card(s) to delete. Keep criteria: oxford_overlap, n_senses, line_no."
obstacle,B2,PAGINATION,2253,2954,2,3,0,"PAGINATION: 1 card(s) to delete. Keep criteria: oxford_overlap, n_senses, line_no."
occupation,B2,PAGINATION,2254,2953,1,4,1,"PAGINATION: 1 card(s) to delete. Keep criteria: oxford_overlap, n_senses, line_no."
occupy,B2,PAGINATION,2255,2957,1,4,1,"PAGINATION: 1 card(s) to delete. Keep criteria: oxford_overlap, n_senses, line_no."
opera,B2,PAGINATION,2258,2956,1,2,0,"PAGINATION: 1 card(s) to delete. Keep criteria: oxford_overlap, n_senses, line_no."
operator,B2,PAGINATION,2259,2955,3,4,1,"PAGINATION: 1 card(s) to delete. Keep criteria: oxford_overlap, n_senses, line_no."
organic,B2,PAGINATION,2261,2958,3,5,2,"PAGINATION: 1 card(s) to delete. Keep criteria: oxford_overlap, n_senses, line_no."
outstanding,B2,PAGINATION,2264,2960,2,3,0,"PAGINATION: 1 card(s) to delete. Keep criteria: oxford_overlap, n_senses, line_no."
overcome,B2,PAGINATION,2265,2959,1,3,0,"PAGINATION: 1 card(s) to delete. Keep criteria: oxford_overlap, n_senses, line_no."
overnight,B2,PAGINATION,2266,2961,1,2,0,"PAGINATION: 1 card(s) to delete. Keep criteria: oxford_overlap, n_senses, line_no."
partnership,B2,PAGINATION,2274,2962,2,3,0,"PAGINATION: 1 card(s) to delete. Keep criteria: oxford_overlap, n_senses, line_no."
peer,B2,PAGINATION,2280,2964,1,2,0,"PAGINATION: 1 card(s) to delete. Keep criteria: oxford_overlap, n_senses, line_no."
penalty,B2,PAGINATION,2281,2963,2,5,2,"PAGINATION: 1 card(s) to delete. Keep criteria: oxford_overlap, n_senses, line_no."
pity,B2,PAGINATION,2284,2967,2,3,0,"PAGINATION: 1 card(s) to delete. Keep criteria: oxford_overlap, n_senses, line_no."
placement,B2,PAGINATION,2285,2965,2,3,0,"PAGINATION: 1 card(s) to delete. Keep criteria: oxford_overlap, n_senses, line_no."
precise,B2,PAGINATION,2288,2966,3,4,1,"PAGINATION: 1 card(s) to delete. Keep criteria: oxford_overlap, n_senses, line_no."
pride,B2,PAGINATION,2292,2968,3,4,1,"PAGINATION: 1 card(s) to delete. Keep criteria: oxford_overlap, n_senses, line_no."
programming,B2,PAGINATION,2297,2969,1,2,0,"PAGINATION: 1 card(s) to delete. Keep criteria: oxford_overlap, n_senses, line_no."
progressive,B2,PAGINATION,2298,2971|2970,1,3,0,"PAGINATION: 2 card(s) to delete. Keep criteria: oxford_overlap, n_senses, line_no."
promotion,B2,PAGINATION,2300,2974,3,4,1,"PAGINATION: 1 card(s) to delete. Keep criteria: oxford_overlap, n_senses, line_no."
proportion,B2,PAGINATION,2301,2972,3,5,2,"PAGINATION: 1 card(s) to delete. Keep criteria: oxford_overlap, n_senses, line_no."
pursuit,B2,PAGINATION,2308,2973,1,3,0,"PAGINATION: 1 card(s) to delete. Keep criteria: oxford_overlap, n_senses, line_no."
puzzle,B2,PAGINATION,2309,2975,2,3,0,"PAGINATION: 1 card(s) to delete. Keep criteria: oxford_overlap, n_senses, line_no."
rail,B2,PAGINATION,2314,2976,3,4,1,"PAGINATION: 1 card(s) to delete. Keep criteria: oxford_overlap, n_senses, line_no."
rating,B2,PAGINATION,2317,2977,2,4,1,"PAGINATION: 1 card(s) to delete. Keep criteria: oxford_overlap, n_senses, line_no."
receiver,B2,PAGINATION,2320,2978,3,4,1,"PAGINATION: 1 card(s) to delete. Keep criteria: oxford_overlap, n_senses, line_no."
recognition,B2,PAGINATION,2322,2983,2,4,1,"PAGINATION: 1 card(s) to delete. Keep criteria: oxford_overlap, n_senses, line_no."
recovery,B2,PAGINATION,2323,2980|2979,2,4,1,"PAGINATION: 2 card(s) to delete. Keep criteria: oxford_overlap, n_senses, line_no."
referee,B2,PAGINATION,2326,2982|2981,2,4,1,"PAGINATION: 2 card(s) to delete. Keep criteria: oxford_overlap, n_senses, line_no."
registration,B2,PAGINATION,2327,2984,3,4,1,"PAGINATION: 1 card(s) to delete. Keep criteria: oxford_overlap, n_senses, line_no."
relieve,B2,PAGINATION,2329,2985,3,4,1,"PAGINATION: 1 card(s) to delete. Keep criteria: oxford_overlap, n_senses, line_no."
resolution,B2,PAGINATION,2335,2986,3,5,2,"PAGINATION: 1 card(s) to delete. Keep criteria: oxford_overlap, n_senses, line_no."
restriction,B2,PAGINATION,2338,2988,2,3,0,"PAGINATION: 1 card(s) to delete. Keep criteria: oxford_overlap, n_senses, line_no."
retirement,B2,PAGINATION,2340,2987,2,3,0,"PAGINATION: 1 card(s) to delete. Keep criteria: oxford_overlap, n_senses, line_no."
rocket,B2,PAGINATION,2347,2991,3,4,1,"PAGINATION: 1 card(s) to delete. Keep criteria: oxford_overlap, n_senses, line_no."
romance,B2,PAGINATION,2348,2990,3,5,2,"PAGINATION: 1 card(s) to delete. Keep criteria: oxford_overlap, n_senses, line_no."
scandal,B2,PAGINATION,2353,2992,1,3,0,"PAGINATION: 1 card(s) to delete. Keep criteria: oxford_overlap, n_senses, line_no."
scholar,B2,PAGINATION,2356,2993,2,3,0,"PAGINATION: 1 card(s) to delete. Keep criteria: oxford_overlap, n_senses, line_no."
scholarship,B2,PAGINATION,2357,2995,1,2,0,"PAGINATION: 1 card(s) to delete. Keep criteria: oxford_overlap, n_senses, line_no."
screening,B2,PAGINATION,2358,2994,1,2,0,"PAGINATION: 1 card(s) to delete. Keep criteria: oxford_overlap, n_senses, line_no."
seminar,B2,PAGINATION,2360,2996,1,2,0,"PAGINATION: 1 card(s) to delete. Keep criteria: oxford_overlap, n_senses, line_no."
sexy,B2,PAGINATION,2362,2997,2,4,1,"PAGINATION: 1 card(s) to delete. Keep criteria: oxford_overlap, n_senses, line_no."
signature,B2,PAGINATION,2368,2999,1,3,0,"PAGINATION: 1 card(s) to delete. Keep criteria: oxford_overlap, n_senses, line_no."
significance,B2,PAGINATION,2369,2998,1,2,0,"PAGINATION: 1 card(s) to delete. Keep criteria: oxford_overlap, n_senses, line_no."
speculate,B2,PAGINATION,2378,3000,1,2,0,"PAGINATION: 1 card(s) to delete. Keep criteria: oxford_overlap, n_senses, line_no."
speculation,B2,PAGINATION,2379,3001,1,2,0,"PAGINATION: 1 card(s) to delete. Keep criteria: oxford_overlap, n_senses, line_no."
spoil,B2,PAGINATION,2382,3002,3,4,1,"PAGINATION: 1 card(s) to delete. Keep criteria: oxford_overlap, n_senses, line_no."
strictly,B2,PAGINATION,2390,3004,3,5,2,"PAGINATION: 1 card(s) to delete. Keep criteria: oxford_overlap, n_senses, line_no."
strip (long narrow piece),C1,PAGINATION,2391,3003,3,5,2,"PAGINATION: 1 card(s) to delete. Keep criteria: oxford_overlap, n_senses, line_no."
stunning,B2,PAGINATION,2393,3005,1,2,0,"PAGINATION: 1 card(s) to delete. Keep criteria: oxford_overlap, n_senses, line_no."
sympathetic,B2,PAGINATION,2401,3007,1,3,0,"PAGINATION: 1 card(s) to delete. Keep criteria: oxford_overlap, n_senses, line_no."
tag,B2,PAGINATION,2402,3006,3,4,1,"PAGINATION: 1 card(s) to delete. Keep criteria: oxford_overlap, n_senses, line_no."
temple,B2,PAGINATION,2405,3008,1,2,0,"PAGINATION: 1 card(s) to delete. Keep criteria: oxford_overlap, n_senses, line_no."
terms,B2,PAGINATION,2407,3009,3,5,2,"PAGINATION: 1 card(s) to delete. Keep criteria: oxford_overlap, n_senses, line_no."
terror,B2,PAGINATION,2411,3011,2,4,1,"PAGINATION: 1 card(s) to delete. Keep criteria: oxford_overlap, n_senses, line_no."
thesis,B2,PAGINATION,2418,3010,1,2,0,"PAGINATION: 1 card(s) to delete. Keep criteria: oxford_overlap, n_senses, line_no."
tissue,B2,PAGINATION,2422,3013,3,4,1,"PAGINATION: 1 card(s) to delete. Keep criteria: oxford_overlap, n_senses, line_no."
tragic,B2,PAGINATION,2428,3012,1,2,0,"PAGINATION: 1 card(s) to delete. Keep criteria: oxford_overlap, n_senses, line_no."
transmit,B2,PAGINATION,2430,3014,2,3,0,"PAGINATION: 1 card(s) to delete. Keep criteria: oxford_overlap, n_senses, line_no."
trap,B2,PAGINATION,2432,3015,3,4,1,"PAGINATION: 1 card(s) to delete. Keep criteria: oxford_overlap, n_senses, line_no."
tribe,B2,PAGINATION,2434,3016,3,4,1,"PAGINATION: 1 card(s) to delete. Keep criteria: oxford_overlap, n_senses, line_no."
uncertainty,B2,PAGINATION,2440,3017,1,2,0,"PAGINATION: 1 card(s) to delete. Keep criteria: oxford_overlap, n_senses, line_no."
undertake,B2,PAGINATION,2441,3018,1,2,0,"PAGINATION: 1 card(s) to delete. Keep criteria: oxford_overlap, n_senses, line_no."
unity,B2,PAGINATION,2443,3019,3,4,1,"PAGINATION: 1 card(s) to delete. Keep criteria: oxford_overlap, n_senses, line_no."
variation,B2,PAGINATION,2449,3021,2,3,0,"PAGINATION: 1 card(s) to delete. Keep criteria: oxford_overlap, n_senses, line_no."
viewpoint,B2,PAGINATION,2450,3020,1,2,0,"PAGINATION: 1 card(s) to delete. Keep criteria: oxford_overlap, n_senses, line_no."
wander,B2,PAGINATION,2456,3022,3,5,2,"PAGINATION: 1 card(s) to delete. Keep criteria: oxford_overlap, n_senses, line_no."
withdraw,B2,PAGINATION,2466,3023,2,5,2,"PAGINATION: 1 card(s) to delete. Keep criteria: oxford_overlap, n_senses, line_no."
worm,B2,PAGINATION,2470,3024|3025,3,6,3,"PAGINATION: 2 card(s) to delete. Keep criteria: oxford_overlap, n_senses, line_no."
strip,UNCLASSIFIED,PAGINATION,2734,2731,3,6,3,"PAGINATION: 1 card(s) to delete. Keep criteria: oxford_overlap, n_senses, line_no."
